actions,lam,oracle,cost_ms,gain_vs_best_fixed_hull_crossseed
320/480/640,0.0,per-image,22.5,0.0062
320/480/640,0.0,per-sequence,23.5,0.0042
320/480/640,0.002,per-image,21.0,0.0077
320/480/640,0.002,per-sequence,21.6,0.004
320/480/640,0.005,per-image,19.0,0.0133
320/480/640,0.005,per-sequence,19.3,0.0134
320/480/640,0.01,per-image,16.0,0.0163
320/480/640,0.01,per-sequence,15.7,0.0097
400/544/640,0.0,per-image,23.0,0.013
400/544/640,0.0,per-sequence,24.0,0.0115
400/544/640,0.002,per-image,22.0,0.0108
400/544/640,0.002,per-sequence,22.7,0.0081
400/544/640,0.005,per-image,20.6,0.0111
400/544/640,0.005,per-sequence,19.9,0.0056
400/544/640,0.01,per-image,18.8,0.0059
400/544/640,0.01,per-sequence,18.2,0.0054
400/480/544/576/640,0.0,per-image,22.4,0.0148
400/480/544/576/640,0.0,per-sequence,23.2,0.0083
400/480/544/576/640,0.002,per-image,21.6,0.0148
400/480/544/576/640,0.002,per-sequence,22.0,0.0067
400/480/544/576/640,0.005,per-image,20.4,0.0182
400/480/544/576/640,0.005,per-sequence,20.1,0.0113
400/480/544/576/640,0.01,per-image,19.1,0.0119
400/480/544/576/640,0.01,per-sequence,18.6,0.0102
