split,policy,n320,n480,n640,AP,AP50,AP75,AP_small,AP_medium,AP_large,AR1,AR10,AR100,AR_small,AR_medium,AR_large,AP_Bus,AP_Car,AP_Lamp,AP_Motorcycle,AP_People,AP_Truck,People_recall50,People_small_recall50,mean_res,mean_pixels_rel640
val,oracle_eps0.0,115,237,489,0.46206798098492374,0.6796359640954708,0.4903104250691924,0.19794514016298762,0.5249450243382783,0.7423749416924345,0.31089772908402186,0.5477034106224465,0.5841857968595076,0.37271011062180065,0.6570117813213052,0.7973770327028682,0.7367396912654275,0.6182230613953138,0.2637325439086083,0.1915957699832963,0.4306022179108161,0.5315146014460801,0.7434325744308231,0.6886792452830188,551.1533888228299,0.7741527942925089
val,oracle_eps0.02,157,285,399,0.4625689369536363,0.6816427960554585,0.4875200083248865,0.19610646622038105,0.5237912516025941,0.7473601118013801,0.3107655348582581,0.5467089534358464,0.5829903160495383,0.3699862174478388,0.6566569768972178,0.7937877221038255,0.7316003928272453,0.6131353579076232,0.2639812021947493,0.2070386610688882,0.4281682990697383,0.5314897086535736,0.7377408056042032,0.6735849056603773,526.0404280618311,0.7117271105826397
val,oracle_eps0.05,255,342,244,0.4515695177584113,0.6733131329411292,0.47160728424977616,0.1824454965632648,0.5144391527569294,0.7373419921536363,0.3061634782368032,0.5382293293717645,0.5750818600884835,0.35345754222311815,0.6530134222779477,0.7850624309109544,0.7329267467956364,0.602220588828421,0.25548184418041614,0.19218546081940127,0.4161497593538336,0.5104527065727597,0.7241681260945709,0.6547169811320754,477.9072532699168,0.5946789536266349
val,oracle_eps0.1,443,313,85,0.4283951783076024,0.6477644621039224,0.4488906642730439,0.15461978387423342,0.4888331719802371,0.7030279711684313,0.29882197156039786,0.5119829949619377,0.548222654289843,0.3135646377873222,0.6304098427946606,0.7626413775751518,0.7166129805879017,0.579261254589211,0.22386519427406062,0.18517880820715257,0.3830027994143484,0.48245003277294063,0.6856392294220666,0.5858490566037736,411.89060642092744,0.4421076099881094
val,fixed320,841,0,0,0.3537255293271023,0.5689528850201586,0.3636749672813061,0.0694768124180189,0.3987912956742335,0.6553395622594099,0.24893077863595664,0.4302697028081725,0.46367386325063387,0.16488512335610048,0.5400380369925785,0.7347338438589159,0.6653351840871451,0.5110926990532144,0.1327845258112793,0.12230809121287733,0.2975997157023258,0.39323296009577163,0.5656742556917689,0.37830188679245286,320.0,0.25
val,fixed480,0,841,0,0.4232545931524158,0.6388017397585217,0.43846454974756627,0.14562229313340908,0.4784819665917934,0.7147116410687353,0.27881190030578507,0.4972268730508012,0.539164524147987,0.2873752753143933,0.6169190305192274,0.7817369835598811,0.6973616530388366,0.5827787480254689,0.21845769544487226,0.177300533204852,0.38232925901901244,0.4812996701814533,0.696584938704028,0.619811320754717,480.0,0.5625
val,fixed640,0,0,841,0.446700925401012,0.6729444807967208,0.46568297589908947,0.17582082181703948,0.5125284512012409,0.6990816946115683,0.29680549828681235,0.5399104612909228,0.5780782498485295,0.3657221093414316,0.6514927641200317,0.7481887379237925,0.7142678703635634,0.614024822659935,0.25248313740132816,0.1512008180860012,0.4212647137564882,0.5269641901387554,0.7390542907180385,0.6943396226415094,640.0,1.0
test,oracle_eps0.0,76,122,221,0.43110029902083713,0.6599122014812486,0.4509561891166466,0.1995785261253926,0.4399534544408521,0.7154689222123515,0.30422987337419094,0.5172598555291542,0.5535492658076931,0.39461383618889084,0.5855534077605103,0.7775329613888936,0.6805732464795085,0.554849149687104,0.24114513766944262,0.2144275598596553,0.4566922224287119,0.43891447800060046,0.6877370417193426,0.478125,535.3699284009547,0.7365751789976134
test,oracle_eps0.02,98,145,176,0.4296922721995403,0.6544572646441642,0.4487044734241591,0.19252339638435984,0.4441854560323604,0.7164978768853076,0.3042140765027575,0.5130751727909089,0.5491855407644036,0.38014066617639186,0.5926660944616471,0.7790025877031526,0.679461073558564,0.5500332081073854,0.24151774043056293,0.21210084039845487,0.45738292456077456,0.43765784614150033,0.6801517067003793,0.465625,509.7852028639618,0.6731801909307876
test,oracle_eps0.05,145,167,107,0.4230252986165797,0.644436937306471,0.4423743987334074,0.18670871402207673,0.4415631732980824,0.7142375664533152,0.30375767907740503,0.5014486710523728,0.5368586547393465,0.3642776942751809,0.5801459750928719,0.7725204968707793,0.6741216818876254,0.5385320381875545,0.23035727712064774,0.2196027114504763,0.4421227742085897,0.4334153088445845,0.6523388116308471,0.421875,465.48926014319807,0.5660799522673031
test,oracle_eps0.1,242,131,46,0.40512096139536474,0.6190701651926028,0.42599089987395333,0.1666500486598673,0.4181826859175933,0.7028577569304271,0.29034893000363726,0.4804181736045313,0.5121564268168178,0.33767004954772,0.5520306986777281,0.7691543275724066,0.656364489630071,0.5137337093082049,0.1998980529912012,0.21404873584801504,0.4237572339271718,0.4229235466675244,0.6308470290771175,0.3875,405.15513126491646,0.43004176610978523
test,fixed320,419,0,0,0.3463953491814299,0.5315666860143492,0.36701298528843657,0.0614749699062788,0.3434293422193941,0.6675769579247417,0.2532969871347838,0.4135274652308967,0.4394844638355371,0.15239251154384845,0.4728721784355704,0.7325157229253274,0.6047721503473912,0.4496097788152643,0.14295352696809577,0.1625016929648276,0.36599653263778964,0.3525384133552112,0.561314791403287,0.271875,320.0,0.25
test,fixed480,0,419,0,0.3880381215621509,0.6052080323354363,0.4005003070855558,0.11721200210642098,0.38901746931184156,0.6966357148124321,0.2740829635304855,0.47193856602234535,0.5084026100205665,0.3093879004213907,0.5445487239463344,0.7676158707373396,0.6208162529348363,0.5250224624528957,0.20408771948659027,0.1756478034314622,0.41835384649270685,0.384300644574414,0.6472819216182049,0.409375,480.0,0.5625
test,fixed640,0,0,419,0.41508456406951627,0.6470838650512155,0.43581932326521083,0.19094616853170993,0.4319366346537672,0.696161629179452,0.2830316754664686,0.5081459897138805,0.5439210005585975,0.38701932805581496,0.5703731196155689,0.7667886502491024,0.6578142948668994,0.5535304267612171,0.23235011515815718,0.19312693777297488,0.4481255596659671,0.405560050191882,0.6902654867256637,0.5,640.0,1.0
