kind,lam,depth,min_leaf,val_AP,val_cost_ms,test_AP,test_AP_small,test_People_recall50,test_cost_ms,test_n256,test_n320,test_n480,test_n640,selected
probe,0.0,1,80,0.4471994207550551,37.490745907607355,0.4148459973929549,0.19091006728428733,0.6864728192161821,37.48744015634962,0,0,42,377,False
probe,0.0001,1,80,0.4471837719110741,37.47975297286933,0.4148459973929549,0.19091006728428733,0.6864728192161821,37.48744015634962,0,0,42,377,False
probe,0.0001310226931162212,1,80,0.4471837719110741,37.47975297286933,0.4148459973929549,0.19091006728428733,0.6864728192161821,37.48744015634962,0,0,42,377,False
probe,0.00017166946111427477,1,80,0.4471837719110741,37.47975297286933,0.4148459973929549,0.19091006728428733,0.6864728192161821,37.48744015634962,0,0,42,377,False
probe,0.00022492595121002693,1,80,0.4471837719110741,37.47975297286933,0.4148459973929549,0.19091006728428733,0.6864728192161821,37.48744015634962,0,0,42,377,False
probe,0.000294704038792655,1,80,0.4471837719110741,37.47975297286933,0.4148459973929549,0.19091006728428733,0.6864728192161821,37.48744015634962,0,0,42,377,False
probe,0.0003861291683484094,1,80,0.4471837719110741,37.47975297286933,0.4148459973929549,0.19091006728428733,0.6864728192161821,37.48744015634962,0,0,42,377,False
probe,0.0005059168352773536,1,80,0.4471837719110741,37.47975297286933,0.4148459973929549,0.19091006728428733,0.6864728192161821,37.48744015634962,0,0,42,377,False
probe,0.0006628658625087453,1,80,0.4471837719110741,37.47975297286933,0.4148459973929549,0.19091006728428733,0.6864728192161821,37.48744015634962,0,0,42,377,False
probe,0.0008685047048070261,1,80,0.4471837719110741,37.47975297286933,0.4148459973929549,0.19091006728428733,0.6864728192161821,37.48744015634962,0,0,42,377,False
probe,0.0011379382540792524,1,80,0.4471837719110741,37.47975297286933,0.4148459973929549,0.19091006728428733,0.6864728192161821,37.48744015634962,0,0,42,377,False
probe,0.0014909573464943445,1,80,0.4459818218041641,37.204929604418545,0.4145886348781203,0.19089066567844218,0.6864728192161821,37.24472980011686,0,0,53,366,False
probe,0.00195349246859104,3,20,0.4417231353037217,33.44522931347027,0.41186629600620167,0.189735336614058,0.6700379266750948,33.140601293997506,0,54,148,217,False
probe,0.002559518442170529,2,40,0.43790651151702353,31.902603619807742,0.4105454010358501,0.18383196336242638,0.6662452591656132,31.226993474713595,29,0,238,152,False
probe,0.003353549993738181,2,20,0.4380122932589897,31.68274492504712,0.4105493799906237,0.18383151021969327,0.6662452591656132,31.204928896874254,29,0,239,151,True
probe,0.004393911516794628,2,20,0.4379274584714502,31.83609037456379,0.4105454010358501,0.18383196336242638,0.6662452591656132,31.226993474713595,29,0,238,152,False
probe,0.005757021202448125,2,20,0.39708196543915125,21.554913054608203,0.3649329349357546,0.09952354319656777,0.5941845764854614,21.572341430803753,170,0,249,0,False
probe,0.007543004222719395,1,80,0.33008916209171246,13.317348537548076,0.31286016813237283,0.06270629934314914,0.5297092288242731,12.277490848075933,378,0,41,0,False
probe,0.009883047274477239,1,20,0.3099400630586828,11.269089252225022,0.29640022079420486,0.03481627320183343,0.4943109987357775,10.579393145462198,416,0,3,0,False
probe,0.012949034700969376,1,40,0.29534452221349455,10.44533280051901,0.29556475891243206,0.0324600543784157,0.48672566371681414,10.44533280051901,419,0,0,0,False
probe,0.016966173997764095,1,20,0.29534452221349455,10.44533280051901,0.29556475891243206,0.0324600543784157,0.48672566371681414,10.44533280051901,419,0,0,0,False
probe,0.022229538090654567,1,20,0.29534452221349455,10.44533280051901,0.29556475891243206,0.0324600543784157,0.48672566371681414,10.44533280051901,419,0,0,0,False
probe,0.0291257394736718,1,20,0.29534452221349455,10.44533280051901,0.29556475891243206,0.0324600543784157,0.48672566371681414,10.44533280051901,419,0,0,0,False
probe,0.038161328248419106,1,20,0.29534452221349455,10.44533280051901,0.29556475891243206,0.0324600543784157,0.48672566371681414,10.44533280051901,419,0,0,0,False
probe,0.05,1,20,0.29534452221349455,10.44533280051901,0.29556475891243206,0.0324600543784157,0.48672566371681414,10.44533280051901,419,0,0,0,False
