kind,lam,depth,min_leaf,val_AP,val_cost_ms,test_AP,test_AP_small,test_People_recall50,test_cost_ms,test_n320,test_n480,test_n640,selected
probe,0.0,2,40,0.4462026479770129,54.16955263491846,0.41485239616635733,0.18988904351505306,0.6902654867256637,54.13331726357864,0,20,399,False
probe,0.0001,2,80,0.4468999721513821,53.777594320486315,0.4146508953428626,0.19092356740195232,0.6902654867256637,54.040761614993094,0,24,395,False
probe,0.0001310226931162212,2,80,0.4468999721513821,53.777594320486315,0.4146508953428626,0.19092356740195232,0.6902654867256637,54.040761614993094,0,24,395,False
probe,0.00017166946111427477,2,80,0.4468999721513821,53.777594320486315,0.4146508953428626,0.19092356740195232,0.6902654867256637,54.040761614993094,0,24,395,False
probe,0.00022492595121002693,1,20,0.44631511189975465,53.24729777743107,0.41456503594861566,0.18985924878579444,0.6902654867256637,53.39287207489426,0,52,367,False
probe,0.000294704038792655,2,40,0.4462200345419948,52.57419994348214,0.41588371741155067,0.18986223248340658,0.6902654867256637,52.94253374685046,7,45,367,False
probe,0.0003861291683484094,2,40,0.44632366490604947,52.30905167195451,0.41581931031371566,0.18987058169867177,0.6927939317319848,52.71114462538659,7,55,357,False
probe,0.0005059168352773536,1,20,0.44631511189975465,53.24729777743107,0.41456503594861566,0.18985924878579444,0.6902654867256637,53.39287207489426,0,52,367,False
probe,0.0006628658625087453,2,40,0.44632366490604947,52.30905167195451,0.41581931031371566,0.18987058169867177,0.6927939317319848,52.71114462538659,7,55,357,False
probe,0.0008685047048070261,2,80,0.44894688913131253,52.02084702898971,0.41395583638145356,0.1891661008146104,0.6902654867256637,52.32514034420619,13,49,357,False
probe,0.0011379382540792524,2,80,0.44914351712095457,51.86451698762678,0.41404145993368274,0.18916819599431564,0.6915297092288243,52.613506287225285,6,63,350,False
probe,0.0014909573464943445,1,20,0.44200291027604266,44.877652140278705,0.4133402577910474,0.18937034536950606,0.6826801517067004,45.58638072849833,103,0,316,False
probe,0.00195349246859104,3,20,0.43668942452130033,43.07365889488289,0.4097215712143633,0.18619879024310254,0.6649810366624526,43.871293075822344,107,59,253,False
probe,0.002559518442170529,3,40,0.4324894367074725,42.84476010613392,0.4021493206467081,0.18438606299512234,0.6700379266750948,41.33564450076036,118,127,174,True
probe,0.003353549993738181,3,40,0.40009181312800496,28.27822445656247,0.38380762933447515,0.1667424566470539,0.6371681415929203,28.756527389699794,279,62,78,False
probe,0.004393911516794628,3,20,0.36140558698023595,20.226569318132334,0.35654499585757066,0.07192761032940523,0.5802781289506953,20.633448498562615,388,1,30,False
probe,0.005757021202448125,1,40,0.3537255293271023,17.944925681405604,0.3463953491814299,0.0614749699062788,0.561314791403287,17.944925681405604,419,0,0,False
probe,0.007543004222719395,1,20,0.3537255293271023,17.944925681405604,0.3463953491814299,0.0614749699062788,0.561314791403287,17.944925681405604,419,0,0,False
probe,0.009883047274477239,1,20,0.3537255293271023,17.944925681405604,0.3463953491814299,0.0614749699062788,0.561314791403287,17.944925681405604,419,0,0,False
probe,0.012949034700969376,1,20,0.3537255293271023,17.944925681405604,0.3463953491814299,0.0614749699062788,0.561314791403287,17.944925681405604,419,0,0,False
probe,0.016966173997764095,1,20,0.3537255293271023,17.944925681405604,0.3463953491814299,0.0614749699062788,0.561314791403287,17.944925681405604,419,0,0,False
probe,0.022229538090654567,1,20,0.3537255293271023,17.944925681405604,0.3463953491814299,0.0614749699062788,0.561314791403287,17.944925681405604,419,0,0,False
probe,0.0291257394736718,1,20,0.3537255293271023,17.944925681405604,0.3463953491814299,0.0614749699062788,0.561314791403287,17.944925681405604,419,0,0,False
probe,0.038161328248419106,1,20,0.3537255293271023,17.944925681405604,0.3463953491814299,0.0614749699062788,0.561314791403287,17.944925681405604,419,0,0,False
probe,0.05,1,20,0.3537255293271023,17.944925681405604,0.3463953491814299,0.0614749699062788,0.561314791403287,17.944925681405604,419,0,0,False
