alpha,lam,depth,min_leaf,val_cost_ms,val_gain_vs_hull,val_n400,val_n480,val_n544,val_n576,val_n640
1.0,0.0,1,40,27.7599361096663,-8.23120656482749e-06,0,0,0,6,835
1.0,0.0002,1,40,27.7599361096663,-8.23120656482749e-06,0,0,0,6,835
1.0,0.0002850205340605996,1,40,27.7599361096663,-8.23120656482749e-06,0,0,0,6,835
1.0,0.000406183524180947,3,80,27.294739117279338,7.937008312086657e-06,0,0,0,98,743
1.0,0.0005788532249433505,2,80,26.905389460607648,-7.545034453204646e-05,0,0,0,175,666
1.0,0.0008249252765802705,2,80,26.905389460607648,-7.545034453204646e-05,0,0,0,175,666
1.0,0.0011756032144549825,2,40,27.275245127537005,-0.0006210133971723727,0,0,7,92,742
1.0,0.001675355280136585,1,40,24.32658004628864,-0.00017682407264594616,0,0,0,685,156
1.0,0.0023875532834288743,2,160,23.2005595239156,5.6833165707851725e-06,116,0,21,569,135
1.0,0.0034025085597051787,2,40,21.509750548512994,0.0008594987478866001,126,0,469,246,0
1.0,0.004848924034164657,2,80,20.675658302071575,0.0019968632332718985,135,91,615,0,0
1.0,0.006910214589184438,1,40,18.769357909071797,0.0029836701009285185,160,681,0,0,0
1.0,0.009847765263413485,3,160,16.634477558476892,-5.357780787177783e-06,789,52,0,0,0
1.0,0.014034076573407661,2,80,16.47834958371161,0.001767551610207992,835,6,0,0,0
1.0,0.02,1,40,16.45798506526396,-0.0012247308033017286,841,0,0,0,0
0.75,0.0,1,40,27.7599361096663,-8.23120656482749e-06,0,0,0,6,835
0.75,0.0002,1,40,27.7599361096663,-8.23120656482749e-06,0,0,0,6,835
0.75,0.0002850205340605996,2,80,27.7599361096663,-8.23120656482749e-06,0,0,0,6,835
0.75,0.000406183524180947,3,80,27.294739117279338,7.937008312086657e-06,0,0,0,98,743
0.75,0.0005788532249433505,2,80,26.905389460607648,-7.545034453204646e-05,0,0,0,175,666
0.75,0.0008249252765802705,2,80,26.900332971559966,-8.828004371095692e-05,0,0,0,176,665
0.75,0.0011756032144549825,1,160,26.935728394893754,-6.697046385029104e-05,0,0,0,169,672
0.75,0.001675355280136585,1,40,24.32658004628864,-0.00017682407264594616,0,0,0,685,156
0.75,0.0023875532834288743,3,40,23.463190048359934,-0.000998092305049288,88,28,28,526,171
0.75,0.0034025085597051787,2,40,21.91003859148809,0.0013008390459988695,92,36,326,387,0
0.75,0.004848924034164657,2,80,20.67442612548544,0.0018959331898644554,131,100,610,0,0
0.75,0.006910214589184438,1,40,18.8032987731512,0.003115588204386177,150,691,0,0,0
0.75,0.009847765263413485,1,160,16.634477558476892,-5.357780787177783e-06,789,52,0,0,0
0.75,0.014034076573407661,1,80,16.47834958371161,0.001767551610207992,835,6,0,0,0
0.75,0.02,1,40,16.45798506526396,-0.0012247308033017286,841,0,0,0,0
0.5,0.0,1,40,27.7599361096663,-8.23120656482749e-06,0,0,0,6,835
0.5,0.0002,2,80,27.7599361096663,-8.23120656482749e-06,0,0,0,6,835
0.5,0.0002850205340605996,2,80,27.7599361096663,-8.23120656482749e-06,0,0,0,6,835
0.5,0.000406183524180947,2,80,26.91044594965533,-8.384820185201407e-05,0,0,0,174,667
0.5,0.0005788532249433505,2,80,26.905389460607648,-9.630286768532355e-05,0,0,0,175,666
0.5,0.0008249252765802705,2,80,26.875050526321537,-0.0005359687732434115,0,0,0,181,660
0.5,0.0011756032144549825,2,80,27.25934369394555,-0.000518347257510432,0,0,0,105,736
0.5,0.001675355280136585,2,40,24.539021015318802,0.001050406059633191,0,0,125,467,249
0.5,0.0023875532834288743,3,40,23.484547015800697,-0.00012915963855932486,88,28,25,526,174
0.5,0.0034025085597051787,2,40,21.872413984870878,0.0010831994053909406,128,0,285,428,0
0.5,0.004848924034164657,2,80,20.67442612548544,0.0018959331898644554,131,100,610,0,0
0.5,0.006910214589184438,1,40,18.8032987731512,0.003115588204386177,150,691,0,0,0
0.5,0.009847765263413485,3,40,16.634477558476892,-5.357780787177783e-06,789,52,0,0,0
0.5,0.014034076573407661,1,80,16.47834958371161,0.001767551610207992,835,6,0,0,0
0.5,0.02,1,40,16.45798506526396,-0.0012247308033017286,841,0,0,0,0
0.25,0.0,2,80,27.7599361096663,-8.23120656482749e-06,0,0,0,6,835
0.25,0.0002,2,80,27.7599361096663,-8.23120656482749e-06,0,0,0,6,835
0.25,0.0002850205340605996,2,80,26.872124966400513,0.0030533615785803083,0,0,124,7,710
0.25,0.000406183524180947,2,80,26.841786032114403,0.0025900823392831693,0,0,124,13,704
0.25,0.0005788532249433505,1,160,26.857687465705858,0.0029817541049725707,0,0,131,0,710
0.25,0.0008249252765802705,1,160,26.814973530824336,0.0030716417865897516,0,0,137,0,704
0.25,0.0011756032144549825,2,40,26.877380977849,0.0024028410152626134,0,0,119,13,709
0.25,0.001675355280136585,2,80,24.531702503771072,0.0022573944927643344,0,0,131,460,250
0.25,0.0023875532834288743,3,40,22.896683755757685,0.0004910898763345236,94,0,290,309,148
0.25,0.0034025085597051787,2,40,21.908042718660443,0.000756339631715619,124,7,267,443,0
0.25,0.004848924034164657,2,80,20.67442612548544,0.0018959331898644554,131,100,610,0,0
0.25,0.006910214589184438,1,40,18.810086945967083,0.0030838471604259787,148,693,0,0,0
0.25,0.009847765263413485,2,40,16.634477558476892,-5.357780787177783e-06,789,52,0,0,0
0.25,0.014034076573407661,1,80,16.47834958371161,0.001767551610207992,835,6,0,0,0
0.25,0.02,1,40,16.45798506526396,-0.0012247308033017286,841,0,0,0,0
0.0,0.0,2,40,27.400925387280708,0.00029205173125995687,0,0,0,77,764
0.0,0.0002,2,80,26.877380977849004,0.0025486754519146912,0,0,119,13,709
0.0,0.0002850205340605996,1,160,26.9431153354689,0.003006022840631358,0,0,119,0,722
0.0,0.000406183524180947,2,40,27.03885570572812,0.0028535526080360474,0,0,102,5,734
0.0,0.0005788532249433505,1,160,26.857687465705858,0.0029817541049725707,0,0,131,0,710
0.0,0.0008249252765802705,1,160,26.814973530824336,0.0030716417865897516,0,0,137,0,704
0.0,0.0011756032144549825,2,160,25.47798248801568,0.002129622291868712,95,0,42,145,559
0.0,0.001675355280136585,2,80,25.26469389328449,0.002887318290482832,0,0,136,308,397
0.0,0.0023875532834288743,2,160,23.69503823112751,0.0013095449525278857,95,0,68,461,217
0.0,0.0034025085597051787,3,40,22.08398723173908,0.0009034317547840787,124,8,243,440,26
0.0,0.004848924034164657,2,80,20.677820211893383,0.0018814843980164604,130,101,610,0,0
0.0,0.006910214589184438,1,40,18.810086945967083,0.0030838471604259787,148,693,0,0,0
0.0,0.009847765263413485,3,40,16.634477558476892,-5.357780787177783e-06,789,52,0,0,0
0.0,0.014034076573407661,1,80,16.47834958371161,0.001767551610207992,835,6,0,0,0
0.0,0.02,1,40,16.45798506526396,-0.0012247308033017286,841,0,0,0,0
