alpha,lam,val_cost_ms,val_gain_vs_hull,val_pred_corr,val_n400,val_n480,val_n544,val_n576,val_n640
1.0,0.0,25.94195597017609,-0.0016328366521416078,0.029883157570621974,4,34,113,128,562
1.0,0.0001,25.877249954920007,-0.0019063417180082975,0.029883157570621974,4,37,115,132,553
1.0,0.00013216207294336048,25.848773998332327,-0.0019370907795929575,0.029883157570621974,4,37,119,132,549
1.0,0.00017466813524686118,25.843717509284645,-0.0019208964529318084,0.029883157570621974,4,37,119,133,548
1.0,0.00023084502831376423,25.753632195275536,-0.0015984585840164527,0.029883157570621974,4,37,121,148,531
1.0,0.00030508957470615824,25.697707571806127,-0.002105850356589315,0.029883157570621974,5,39,122,151,524
1.0,0.0004032127062657407,25.606684953576213,-0.0014989186171950886,0.029883157570621974,5,45,127,150,514
1.0,0.000532894270971826,25.4337624527244,-0.0014006679636671682,0.029883157570621974,5,49,130,172,485
1.0,0.0007042841151127738,25.269815050688464,-0.002531115088346414,0.029883157570621974,6,58,132,181,464
1.0,0.000930796485943845,24.99977928482364,-0.0020513347129019013,0.029883157570621974,6,71,143,193,428
1.0,0.0012301599307073393,24.621881110258762,-0.002404480744959562,0.029883157570621974,7,95,146,213,380
1.0,0.0016258048649414264,24.17907589448691,-0.003943736516406245,0.029883157570621974,12,116,169,213,331
1.0,0.002148697411520589,23.745878785148985,-0.007314824607488686,0.029883157570621974,20,137,180,220,284
1.0,0.0028397630403459396,23.06025897530985,-0.007627843106945882,0.029883157570621974,28,156,230,226,201
1.0,0.003753089700800592,21.86615338416448,-0.007604947431904467,0.029883157570621974,62,202,286,201,90
1.0,0.004960161148001828,20.909939498742965,-0.005801424970318454,0.029883157570621974,108,254,293,154,32
1.0,0.006555451794530403,19.834711863418185,-0.0029132210514729398,0.029883157570621974,221,264,265,85,6
1.0,0.008663820982454096,18.33260571939341,0.003988430751963479,0.029883157570621974,434,253,136,18,0
1.0,0.011450285406513152,17.234668532104187,0.0033809852771671443,0.029883157570621974,627,197,17,0,0
1.0,0.015132934551178857,16.936551248783644,0.002569564628315609,0.029883157570621974,700,141,0,0,0
1.0,0.02,16.82794048372953,0.00029487140301189446,0.029883157570621974,732,109,0,0,0
0.5,0.0,26.071670141380245,-0.0019002539309434519,0.028043630224934262,0,33,113,115,580
0.5,0.0001,25.96950620269114,-0.0015755736370518525,0.028043630224934262,0,36,116,125,564
0.5,0.00013216207294336048,25.957330724496536,-0.001524790355732497,0.028043630224934262,0,36,117,126,562
0.5,0.00017466813524686118,25.93690524590499,-0.0014847021634260178,0.028043630224934262,0,36,122,123,560
0.5,0.00023084502831376423,25.92173577876194,-0.001485460735295004,0.028043630224934262,0,36,122,126,557
0.5,0.00030508957470615824,25.850306159699716,-0.0016140455584586395,0.028043630224934262,2,39,124,126,550
0.5,0.0004032127062657407,25.77694899392933,-0.0016182545778753072,0.028043630224934262,4,40,122,136,539
0.5,0.000532894270971826,25.65961558809718,-0.00186028128538418,0.028043630224934262,4,43,125,149,520
0.5,0.0007042841151127738,25.461877464386923,-0.0018887180251383102,0.028043630224934262,5,44,131,175,486
0.5,0.000930796485943845,25.232486265274915,-0.0015156907237413586,0.028043630224934262,6,62,133,179,461
0.5,0.0012301599307073393,24.994412683801603,-0.0029209130317657075,0.028043630224934262,8,78,140,179,436
0.5,0.0016258048649414264,24.542189910651416,-0.004223750416691115,0.028043630224934262,13,102,148,196,382
0.5,0.002148697411520589,24.03655539338084,-0.005542835006960049,0.028043630224934262,16,116,185,208,316
0.5,0.0028397630403459396,23.12451145335266,-0.007827616194831244,0.028043630224934262,28,141,255,208,209
0.5,0.003753089700800592,22.01236916091277,-0.008248066108149025,0.028043630224934262,56,170,320,204,91
0.5,0.004960161148001828,20.902501525476637,-0.004726323876790987,0.028043630224934262,115,227,324,147,28
0.5,0.006555451794530403,19.67327568538602,-0.0035903945047695007,0.028043630224934262,217,300,267,53,4
0.5,0.008663820982454096,18.19814271517624,0.0021318443972617174,0.028043630224934262,448,260,127,6,0
0.5,0.011450285406513152,17.093846430828112,0.0022693352778272815,0.028043630224934262,665,163,13,0,0
0.5,0.015132934551178857,16.89242812548041,2.628478179050875e-05,0.028043630224934262,713,128,0,0,0
0.5,0.02,16.675206595372185,0.0007533396908762461,0.028043630224934262,777,64,0,0,0
0.0,0.0,26.06721648076148,-0.00236178396977077,0.0247665420511485,0,29,120,114,578
0.0,0.0001,25.998353180802063,-0.0027459695423197963,0.0247665420511485,0,31,124,118,568
0.0,0.00013216207294336048,25.998353180802063,-0.0027459695423197963,0.0247665420511485,0,31,124,118,568
0.0,0.00017466813524686118,25.98617770260746,-0.0027380814073732864,0.0247665420511485,0,31,125,119,566
0.0,0.00023084502831376423,25.880088286120696,-0.0029327871125639873,0.0247665420511485,0,34,125,134,548
0.0,0.00030508957470615824,25.84266264719254,-0.0030240098881584485,0.0247665420511485,0,35,126,138,542
0.0,0.0004032127062657407,25.791762228265945,-0.002877899004797716,0.0247665420511485,1,36,127,142,535
0.0,0.000532894270971826,25.717609579695292,-0.002426205327874927,0.0247665420511485,2,36,127,154,522
0.0,0.0007042841151127738,25.60719564060925,-0.001974414822562239,0.0247665420511485,2,39,134,160,506
0.0,0.000930796485943845,25.424515291215624,-0.001832240796780793,0.0247665420511485,2,54,137,162,486
0.0,0.0012301599307073393,25.134448379442155,-0.0016566419592979516,0.0247665420511485,5,66,143,179,448
0.0,0.0016258048649414264,24.733754270122898,-0.006641801095865892,0.0247665420511485,10,91,153,181,406
0.0,0.002148697411520589,24.336729518473096,-0.007044404730374339,0.0247665420511485,17,102,170,195,357
0.0,0.0028397630403459396,23.07531795407951,-0.008209163236626368,0.0247665420511485,32,126,277,206,200
0.0,0.003753089700800592,21.928457611142438,-0.006980444815919011,0.0247665420511485,58,180,311,208,84
0.0,0.004960161148001828,20.835821189397922,-0.0022421805388853264,0.0247665420511485,103,265,325,115,33
0.0,0.006555451794530403,19.561744874035625,-0.0016421860964488573,0.0247665420511485,239,280,280,38,4
0.0,0.008663820982454096,18.17694571730474,0.002457233942137723,0.0247665420511485,456,251,129,4,1
0.0,0.011450285406513152,16.989926898075026,0.00247005976772278,0.0247665420511485,693,138,10,0,0
0.0,0.015132934551178857,16.81775822450571,-0.0003313244990865531,0.0247665420511485,735,106,0,0,0
0.0,0.02,16.597142607989543,0.0012377991389244114,0.0247665420511485,800,41,0,0,0
