id,q
00000,0.6938868886888689
00001,0.39594334433443346
00002,0.3111413315924834
00003,0.31316873995091815
00004,0.5943611880493069
00005,0.6039603960396039
00006,0.6100051074365627
00007,0.5766132842520133
00008,0.6064412578475892
00009,0.4463224893917963
00010,0.5430255583697905
00011,0.6385313531353136
00012,0.5892874054486195
00013,0.6568440995378586
00014,0.7008261540439757
00015,0.8298707198248829
00016,0.743184360789902
00017,0.8242244224422441
00018,0.8056105610561055
00019,0.7288363048828601
00020,0.7713465346534651
00021,0.5798942394239424
00022,0.5827028455133842
00023,0.3759599016380043
00024,0.5309564537689466
00025,0.46506887060886537
00026,0.5885763576357637
00027,0.69576903034433
00028,0.6814356435643565
00029,0.5148631590344892
00030,0.6470160573749683
00031,0.6543475501396294
00032,0.5120528183770758
00033,0.6620957095709572
00034,0.3639756475647564
00035,0.5220977379045548
00036,0.3995702570257025
00037,0.37981878933234936
00044,0.6755156765676569
00048,0.6091653452675584
00049,0.6378453559641681
00050,0.4137303466699027
00051,0.5327439256530695
00052,0.6114749632858023
00053,0.5848011664476287
00054,0.6556435643564356
00055,0.6522277227722773
00056,0.49791855595333956
00057,0.5050533624791049
00058,0.4110252427957727
00059,0.5595447188949663
00060,0.43308347101518835
00061,0.5008847325424204
00062,0.45612623762376237
00063,0.3731688858541026
00064,0.34538629275015414
00065,0.3158981612446959
00066,0.37137061920477754
00067,0.31173129812981293
00068,0.41090032916335123
00069,0.5273992399239923
00070,0.3981349525385142
00071,0.41053692820167287
00072,0.2809375510380169
00073,0.4966718883493169
00074,0.4365326539443493
00075,0.4901641272133716
00076,0.538334655316199
00077,0.5208423397284784
00078,0.6139313626727791
00079,0.47089315181518154
00080,0.40855056520144767
00081,0.34909240924092405
00082,0.3034169757827913
00083,0.35423935250667915
00084,0.3478475000445867
00085,0.33964282142499963
00086,0.3730349284928492
00087,0.17913135956452786
00088,0.239556267897852
00089,0.223063020587773
00090,0.3620300617018224
00091,0.34689007362274693
00092,0.2934992058029332
00093,0.13178971027774283
00094,0.0909620069149772
00095,0.15816831683168314
00096,0.11665841584158414
00097,0.09243361836183618
00098,0.0370049504950495
00099,0.10884338433843382
00100,0.07549504950495048
00101,0.11031039451871452
00102,0.1396658415841584
00103,0.10610055648421984
00104,0.19478247824782477
00105,0.11712383459147278
00106,0.17170442851450113
00107,0.2720721511927103
00108,0.46717228107219316
00109,0.38548684233502706
00110,0.2582697695597059
00111,0.6115503579343442
00112,0.5322685679121322
00148,0.5950220022002201
00149,0.5708214154748807
00150,0.4827151068749604
00151,0.5557244709433349
00152,0.46110325318246115
00153,0.4285678925035361
00154,0.46247011239585495
00155,0.4450288778877888
00156,0.3462510948862701
00157,0.3904494483975252
00158,0.4055688552337513
00159,0.3914571409004255
00160,0.3434069392879323
00161,0.38818750021376974
00162,0.4575145602795575
00163,0.39726846311004727
00164,0.42154676915059924
00165,0.3905813713239456
00166,0.4468491461215087
00167,0.40260006769907764
00168,0.4283587204874334
00169,0.8718516614794687
00170,0.5281795785544017
00171,0.7756955849431098
00172,0.8501687187949564
00173,0.6962571882804045
00174,0.6833877273843537
00175,0.6753415505577707
00176,0.632553414132622
00177,0.6177037221096626
00178,0.7113063806380638
00179,0.6769141914191419
00180,0.5869029008163974
00181,0.5860788656830773
00182,0.5847037335312479
00183,0.6075809174324025
00184,0.6244255363036304
00185,0.7264892739273927
00186,0.6953421881330105
00187,0.7239136646583911
00188,0.7977234646541577
00189,0.652615511551155
00190,0.8019550526481218
00191,0.6505844334433444
00192,0.6408888654702574
00193,0.6570603488920321
00194,0.6899246174617462
00197,0.696554691183404
00198,0.7197557694732684
00199,0.6954207920792079
00200,0.5715721750746504
00201,0.6637704082413171
00202,0.5950071435715
00203,0.6152858395266435
00204,0.7245143800094295
00205,0.5760054219707685
00206,0.521781955506475
00207,0.6127212721272127
00211,0.59755900590059
00212,0.5912522680839511
00213,0.4516212668064837
00214,0.5414114189153352
00215,0.6797049704970498
00216,0.6352663837812352
00217,0.5191639163916392
00218,0.5869872701555868
00219,0.538114062959091
00225,0.6362776466025157
00230,0.3994948542473294
00236,0.6721279270784222
00244,0.9999999999999998
00245,0.8999999999999998
00246,0.8999999999999998
00247,0.7
00248,0.7999999999999999
00249,0.8999999999999998
00250,0.8999999999999998
00251,0.725
00252,0.8999999999999998
00253,0.8999999999999998
00254,0.745
00255,0.7
00256,0.75
00257,0.7999999999999999
00258,0.9999999999999998
00259,0.7999999999999999
00260,0.825
00261,0.82
00262,0.7999999999999999
00263,0.8999999999999998
00264,0.8999999999999998
00265,0.9999999999999998
00266,0.8333333333333333
00267,0.9999999999999998
00268,0.7999999999999999
00269,0.8999999999999998
00270,0.8999999999999998
00271,0.9999999999999998
00272,0.7
00273,0.7
00274,0.8009900990099009
00275,0.8504950495049505
00276,0.9126237623762377
00277,0.9
00278,0.7919141914191419
00279,0.7417491749174918
00280,0.5757425742574258
00281,0.8009900990099009
00282,0.7514851485148515
00283,0.8168316831683168
00284,0.8614961496149615
00285,0.8514851485148514
00286,0.4039603960396039
00287,0.8
00288,0.8252475247524753
00289,0.8252475247524753
00290,0.8252475247524753
00291,0.7420792079207921
00292,0.6094059405940594
00293,0.8252475247524753
00294,0.7834983498349836
00295,0.7646393210749647
00296,0.8514851485148514
00297,0.7019801980198019
00298,0.8252475247524753
00299,0.7504950495049505
00300,0.8504950495049505
00301,0.7834983498349836
00302,0.600990099009901
00303,0.8009900990099009
00304,0.8504950495049505
00305,0.8009900990099009
00306,0.8646393210749647
00307,0.8514851485148514
00308,0.8009900990099009
00309,0.8042079207920793
00310,0.8252475247524753
00311,0.7834983498349836
00312,0.7673267326732673
00313,0.8168316831683168
00314,0.7514851485148515
00315,0.9
00316,0.8504950495049505
00317,0.6614761476147614
00318,0.700990099009901
00319,0.833993399339934
00320,0.9
00321,0.8605940594059405
00322,0.8
00323,0.9252475247524753
00335,0.7999999999999999
00336,0.8999999999999998
00337,0.9999999999999998
00338,0.7999999999999999
00339,0.9999999999999998
00340,0.7
00341,0.7999999999999999
00342,0.8999999999999998
00343,0.7
00344,0.7
00345,0.6166666666666666
00346,0.5999999999999999
00347,0.7999999999999999
00348,0.4999999999999999
00349,0.8999999999999998
00350,0.7999999999999999
00351,0.7
00352,0.5999999999999999
00353,0.7
00354,0.65
00355,0.8999999999999998
00356,0.7
00357,0.5999999999999999
00358,0.8999999999999998
00359,0.7333333333333332
00360,0.8999999999999998
00361,0.8999999999999998
00362,0.8999999999999998
00363,0.7999999999999999
00364,0.8999999999999998
00365,0.7999999999999999
00366,0.7999999999999999
00367,0.8999999999999998
00368,0.8999999999999998
00369,0.7
00370,0.8999999999999998
00371,0.8999999999999998
00372,0.725
00373,0.8999999999999998
00374,0.7999999999999999
00375,0.7
00376,0.8999999999999998
00377,0.7999999999999999
00378,0.7
00379,0.9999999999999998
00380,0.5999999999999999
00381,0.7
00382,0.8999999999999998
00383,0.7999999999999999
00384,0.7999999999999999
00385,0.7999999999999999
00386,0.7567783206892118
00387,0.6676397639763976
00390,0.7424229922992298
00392,0.9082508250825082
00393,0.5994546117507676
00396,0.8284700612918434
00397,0.7701320132013202
00398,0.8072607260726071
00399,0.6578264969354077
00407,0.8153465346534653
00408,0.7160891089108911
00409,0.5787077655133933
00410,0.6277686101943528
00411,0.4597359735973597
00412,0.5217833739895729
00413,0.7441214729581066
00414,0.5338113811381139
00415,0.7462553947702463
00416,0.5223190523206322
00417,0.6616759582362177
00418,0.6816831683168315
00419,0.5324532453245324
00420,0.667082422527967
00421,0.7870384391380315
00422,0.5680586114166971
00423,0.5712147530542527
00424,0.6103505350535053
00425,0.5091113085667541
00426,0.4158160533880318
00427,0.5866729530095867
00428,0.5900095366679526
00429,0.7155578414984358
00430,0.6916126632906204
00431,0.7324331004529023
00432,0.7769526952695267
00433,0.8741852310231023
00434,0.8577145214521452
00435,0.8373401738670108
00436,0.7586725991382703
00437,0.7293075778166052
00438,0.6164466446644664
00439,0.6923537515041828
00440,0.6804050386276902
00441,0.6742961849491292
00442,0.8266941694169416
00443,0.6001400140014
00444,0.5414052243136401
00445,0.6478847149420824
00446,0.7394183168316831
00447,0.7108198190419456
00448,0.6769999259137292
00449,0.7250074650322175
00450,0.6674226396998675
00451,0.8838558855885589
00452,0.7309460946094609
00453,0.756820682068207
00454,0.6636649379223637
00455,0.7515676567656766
00456,0.623969896989699
00457,0.7134818481848185
00458,0.5888888888888889
00459,0.6615504407583617
00460,0.640840522648756
00461,0.5261679501283462
00462,0.6405965596559655
00463,0.613948262958164
00464,0.5460063387291109
00465,0.6437804494735188
00466,0.6493799774697692
00467,0.5473419580969086
00468,0.5994098695583845
00469,0.6128054769762691
00470,0.657013201320132
00471,0.5681068106810682
00472,0.5818481848184818
00473,0.6048404840484048
00474,0.5989438943894388
00475,0.6667466326464581
00476,0.5397662266226622
00477,0.5864136413641364
00478,0.7386860561056106
00479,0.8168110561056106
00480,0.6352970297029703
00481,0.5937323196605375
00482,0.5736879045047362
00483,0.5315981455288386
00484,0.4915291529152916
00485,0.7478104857189015
00486,0.6679687598916364
00487,0.6558104024688184
00488,0.9083168316831683
00489,0.3904060403293076
00490,0.4836712242652837
00491,0.6479322740054325
00492,0.6103378909319503
00493,0.4737973713694436
00494,0.6371968149195871
00495,0.5650872427668298
00496,0.6916024306149371
00501,0.6693619361936194
00502,0.5424980959634425
00503,0.6554042904290428
00504,0.4484952066635235
00505,0.5901673738802452
00506,0.5715878527628674
00507,0.673135804298751
00508,0.6250334995905605
00509,0.7181871758604432
00510,0.7660899535331684
00511,0.7897689768976898
00512,0.7540651712230046
00513,0.7128242656080135
00514,0.7463960681782462
00515,0.7263083451202264
00516,0.7718028052805279
00517,0.8158874389743123
00518,0.7913189533239038
00519,0.7144801980198019
00520,0.7216666666666667
00521,0.8262600188590288
00522,0.7710726072607261
00523,0.7566561656165616
00524,0.6420709570957096
00525,0.7335477074493164
00526,0.6896169526454907
00527,0.581730795299526
00528,0.8166666666666667
00529,0.663623487348735
00530,0.7173856671381424
00531,0.7481428176754326
00532,0.8488321153543926
00533,0.8415176078047365
00534,0.8769839960186495
00535,0.7860534267712486
00536,0.8094702742163618
00537,0.7443819381938193
00538,0.7775005852127765
00539,0.6909647332329052
00540,0.7624653268898318
00541,0.8095213367490595
00542,0.8923902005585174
00543,0.8697194719471948
00544,0.8320534154255762
00545,0.7571743602931721
00546,0.7619175461502194
00547,0.8210623990970525
00548,0.841714796479648
00549,0.8514713971397139
00550,0.8087851146915934
00551,0.761823593073593
00552,0.7385452492617683
00553,0.853068449702113
00554,0.8715770862800565
00555,0.8773573785950023
00556,0.7406388495992455
00557,0.758045733144743
00558,0.8223322332233222
00583,0.4473047304730473
00601,0.7256178135377942
00602,0.6131323668081092
00612,0.8296086751532296
00613,0.8832178217821782
00614,0.8035643564356436
00615,0.8653240324032403
00616,0.8074257425742574
00617,0.8291516651665167
00618,0.8499099909990999
00619,0.8724834983498351
00620,0.8517326732673267
00621,0.8734794908062234
00622,0.8398986327204149
00623,0.8771452145214521
00624,0.852970297029703
00625,0.8534488448844885
00626,0.7222817281728171
00627,0.8163366336633664
00628,0.8881188118811882
00630,0.7899300644350149
00632,0.7247878359264497
00633,0.7811620635747785
00634,0.718871635610766
00635,0.7919636963696369
00636,0.7936248624862487
00637,0.7571540546911834
00638,0.6743686154329719
00639,0.679302277972158
00640,0.7230529124341004
00641,0.672691188900107
00642,0.6688515637278014
00643,0.39389438943894384
00644,0.4622937293729373
00645,0.32301980198019803
00646,0.4004950495049505
00647,0.37594059405940594
00648,0.3592362093352192
00649,0.5900990099009901
00650,0.6663366336633664
00651,0.6822960867515324
00652,0.5581683168316831
00653,0.6542197076850541
00654,0.5848402340234023
00655,0.8797736916548798
00656,0.8007425742574256
00657,0.8905940594059405
00658,1.0
00659,1.0
00660,0.7910891089108911
00661,0.7544554455445543
00662,0.6601485148514852
00663,0.40793579357935794
00664,0.5419141914191419
00665,0.5607142857142857
00666,0.528960396039604
00667,0.7752475247524753
00668,0.4417550683639792
00669,0.44583333333333336
00670,0.3973833097595474
00674,0.9252475247524753
00675,0.9722772277227723
00676,0.8359264497878358
00677,0.768041804180418
00678,0.6422587226547621
00679,0.6344491592016344
00680,0.5484763476347635
00681,0.7972772277227723
00682,0.7237102748736413
00683,0.352971002228428
00684,0.6829152088141144
00685,0.6003960396039604
00686,0.40837803320561944
00687,0.5622875260770224
00688,0.7042216721672167
00689,0.744953795379538
00690,0.7226856435643563
00691,0.6527879103699844
00692,0.5551155115511552
00693,0.5183608360836083
00694,0.648633355982657
00695,0.7678320955893455
00696,0.48924882516504326
00697,0.696211164075899
00698,0.6293511064661453
00699,0.5886865609637886
00700,0.668221011176748
00701,0.7014521452145216
00702,0.6735726072607261
00703,0.5733498349834983
00704,0.5012197354189201
00705,0.46751987698769876
00706,0.5641522668750392
00707,0.40698855599845696
00708,0.6176399466869763
00732,0.2282388663967611
00733,0.2666666666666667
00734,0.8999999999999998
00735,0.03076923076923076
00736,0.06999999999999998
00737,0.0738095238095238
00738,0.30799999999999994
00739,0.4117647058823529
00740,0.40476190476190477
00741,0.47999999999999987
00742,0.725
00743,0.8999999999999998
00744,0.5999999999999999
00745,0.6222222222222221
00746,0.7
00747,0.09999999999999999
00748,0.26666666666666666
00749,0.7999999999999999
00750,0.5
00751,0.39999999999999997
00752,0.55
00753,0.5999999999999999
00754,0.9999999999999998
00755,0.8999999999999998
00756,0.85
00757,0.85
00758,0.7
00759,0.8999999999999998
00760,0.7999999999999999
00761,0.7999999999999999
00763,0.8999999999999998
00764,0.8999999999999998
00765,0.75
00766,0.72
00767,0.9999999999999998
00768,0.7999999999999999
00769,0.8999999999999998
00770,0.8999999999999998
00771,0.75
00772,0.9999999999999998
00773,0.9499999999999998
00774,0.9999999999999998
00775,0.9999999999999998
00776,0.9999999999999998
00825,0.7653465346534654
00826,0.8224422442244226
00827,0.9
00828,0.8168316831683168
00829,0.8554455445544555
00830,0.8554455445544555
00831,0.9
00832,0.7554455445544555
00833,0.7495049504950495
00834,0.5956435643564356
00835,0.8112211221122113
00836,0.9
00837,0.7391089108910892
00838,0.8336633663366337
00839,0.7891089108910891
00840,0.9
00841,0.7
00842,0.7
00843,0.6925742574257425
00844,0.6285242809995285
00845,0.8554455445544555
00846,0.7429985855728429
00847,0.8326732673267326
00848,0.8554455445544555
00849,0.8326732673267326
00850,0.5663366336633663
00851,0.6214356435643564
00852,0.5626237623762377
00853,0.8679867986798679
00854,0.5195120226308345
00855,0.7336633663366336
00856,0.7164356435643564
00857,0.6288448844884489
00858,0.7884488448844884
00859,0.6619801980198019
00860,0.7719471947194719
00861,0.8442244224422442
00862,0.8442244224422442
00863,0.777133427628477
00864,0.8221122112211223
00896,0.5126237623762376
00897,0.4638613861386138
00898,0.7
00899,0.6420792079207921
00900,0.7854785478547853
00901,0.8504950495049505
00902,0.5864686468646865
00903,0.5252475247524753
00904,0.8009900990099009
00905,0.37871287128712866
00906,0.6039603960396039
00907,0.7638613861386138
00908,0.9009900990099009
00909,0.4797029702970296
00910,0.801980198019802
00911,0.8504950495049506
00912,0.7504950495049505
00913,0.842079207920792
00914,0.933993399339934
00915,0.8252475247524753
00916,0.9
00917,0.9084158415841583
00918,0.8
00919,0.9009900990099009
00920,0.5676567656765676
00921,0.5910891089108912
00922,0.8252475247524753
00923,0.9504950495049505
00924,0.8009900990099009
00925,0.42198890218692187
00926,0.7252475247524752
00927,0.8504950495049505
00928,0.9
00929,0.7252475247524752
00930,0.9
00931,0.600990099009901
00932,0.3029702970297029
00933,0.3282178217821782
00934,0.7646393210749647
00935,0.5457425742574259
00936,0.9
00937,0.9168316831683168
00938,0.9
00939,0.9
00940,0.8442244224422442
00941,0.49519094766619515
00942,0.5306930693069307
00943,0.8336633663366335
00944,0.7891089108910891
00945,0.8484323432343235
00946,0.9
00947,0.7884488448844884
00948,0.8884488448844884
00949,0.7884488448844884
00950,0.44801980198019803
00951,0.8056105610561056
00952,0.7932673267326733
00953,0.8158415841584157
00954,0.817079207920792
00955,0.9663366336633663
00956,0.7388967468175389
00957,0.9
00958,0.7737623762376238
00959,0.46663366336633655
00960,0.4760726072607261
00961,0.8554455445544555
00962,0.8663366336633663
00963,0.7394059405940594
00964,0.8
00965,0.8442244224422442
00966,0.7554455445544555
00967,0.9663366336633663
00968,0.910891089108911
00969,0.9
00971,0.5599094317425708
00972,0.359082408240824
01005,0.611991199119912
01006,0.7549779977997799
01008,0.6144601603017444
01009,0.491089108910891
01010,0.7073297329732973
01011,0.5983663366336633
01031,0.7174917491749175
01033,0.7495049504950495
01034,0.7247524752475247
01035,0.7257806549885759
01036,0.5664214992927865
01037,0.6649917491749175
01038,0.6497194719471947
01039,0.6435336292249915
01040,0.5257192834668082
01041,0.6298054316709867
01042,0.7747023809523809
01043,0.7959335219236208
01044,0.6945544554455446
01045,0.7688943894389437
01046,0.7949349560458419
01047,0.8097383914215597
01048,0.8005264789299441
01049,0.8087136113943618
01050,0.7023008184277073
01051,0.7463426221654422
01052,0.7552732745802051
01053,0.8376237623762375
01054,0.7418864029260068
01055,0.7714191419141914
01056,0.7593767755896468
01057,0.7383212321232122
01061,0.9999999999999998
01063,0.6806380638063806
01064,0.9999999999999998
01065,0.9999999999999998
01068,0.8999999999999998
01069,0.6505077430820005
01070,0.8999999999999998
01075,0.8504950495049505
01084,0.7
01085,0.7403795379537954
01091,0.8257425742574258
01092,0.9641584158415842
01093,0.8707920792079207
01094,0.9128712871287128
01095,0.8732673267326732
01096,0.8885148514851485
01097,0.8507260726072607
01098,0.7881188118811882
01099,0.8493399339933992
01100,0.8074257425742573
01101,0.8327832783278325
01102,0.4727227722772277
01103,0.5927724182674676
01104,0.6425506836397925
01105,0.6112682696841112
01106,0.5764026402640264
01107,0.528973254468304
01108,0.5614545025931164
01109,0.5164503868068943
01111,0.6331683168316832
01112,0.736039603960396
01113,0.6844884488448846
01114,0.7886138613861385
01115,0.7143564356435644
01116,0.6897689768976898
01117,0.7241159830268739
01118,0.8492003046458491
01119,0.7503850385038503
01120,0.6747524752475248
01122,0.5264356435643563
01123,0.602970297029703
01124,0.5721217314039097
01125,0.7514851485148515
01126,0.49794908062234794
01127,0.6214521452145215
01128,0.49273927392739275
01129,0.6257425742574257
01130,0.6633663366336634
01131,0.5278352835283528
01133,0.39678217821782175
01134,0.6528052805280528
01135,0.7140264026402638
01136,0.7461221122112209
01137,0.7124862486248624
01138,0.7466396639663966
01139,0.7679867986798679
01140,0.7601367279585101
01141,0.6945544554455445
01142,0.6262448772349761
01144,0.5924917491749175
01145,0.7172082592874671
01146,0.6156765676567656
01147,0.6634763476347634
01148,0.4247524752475247
01149,0.5842998585572843
01150,0.4842998585572842
01151,0.8999999999999998
01152,0.4796322489391797
01154,0.6950495049504951
01155,0.7154290429042904
01156,0.7663366336633664
01157,0.5396039603960396
01158,0.6504950495049504
01159,0.4745049504950495
01160,0.5810643564356435
01161,0.6545904590459045
01162,0.6786303630363035
01163,0.783168316831683
01164,0.6816006600660065
01165,0.6782178217821782
01166,0.7098375222137598
01167,0.5980198019801981
01168,0.7527227722772276
01169,0.7663366336633662
01170,0.7526402640264025
01171,0.7366336633663365
01172,0.7328712871287129
01173,0.5278524280999528
01174,0.6907531824611031
01175,0.7332920792079207
01176,0.8373762376237623
01177,0.7509193776520509
01178,0.38980524426068985
01179,0.739108910891089
01180,0.25947194719471944
01181,0.45148514851485144
01182,0.5534653465346533
01183,0.35247524752475246
01184,0.45247524752475243
01185,0.2514851485148515
01186,0.4280681524158048
01187,0.32307559990282186
01188,0.29661142398281876
01189,0.3372176132448409
01190,0.2973382584544236
01191,0.2532381652825877
01192,0.2763457685054219
01193,0.254814870223286
01194,0.3975587131783785
01195,0.745192418465449
01196,0.36322269549019864
01197,0.30048309840236204
01198,0.3610514727943383
01199,0.3552465860677858
01200,0.5384332230357273
01201,0.47047060658446793
01202,0.5226718039941319
01203,0.48294020578528435
01204,0.5147115688580352
01205,0.6153302626965993
01206,0.5324677204562561
01207,0.46131320274884624
01208,0.4209844509953602
01209,0.5820089531226246
01210,0.6860063033330359
01211,0.5804159262080054
01212,0.6439906490649064
01213,0.669955209806695
01214,0.5102860286028603
01215,0.5494824482448245
01216,0.6067643973699695
01217,0.5151815181518152
01218,0.5136225464651728
01219,0.3027109289410133
01220,0.6159327361307559
01221,0.6556875687568756
01222,0.5098459845984599
01223,0.35836391460279027
01224,0.34437253234785503
01225,0.3467123084259645
01226,0.27371695993128725
01227,0.7303630363036303
01228,0.7415841584158416
01229,0.6996699669966996
01230,0.7555555555555555
01231,0.7092592592592593
01232,0.7749999999999999
01233,0.5841171617161716
01234,0.6514026402640264
01235,0.7354177523015459
01236,0.8168316831683168
01237,0.7336633663366335
01238,0.6
01239,0.6999999999999998
01240,0.6195269526952695
01241,0.65016501650165
01242,0.5102310231023102
01243,0.9009900990099009
01244,0.8504950495049505
01245,0.7524752475247525
01246,0.8381188118811881
01247,0.7158415841584158
01248,0.9133663366336634
01249,0.8520477047704771
01250,0.7821782178217822
01251,0.7666666666666666
01252,0.758910891089109
01253,0.7554455445544555
01254,0.7772277227722773
01255,0.75
01256,0.8362376237623762
01257,0.8432343234323433
01258,0.6932673267326732
01259,0.9009900990099009
01260,0.6908062234794907
01261,0.8128712871287128
01262,0.6986671744097487
01263,0.5757814016695787
01264,0.5248349834983498
01265,0.540906480071084
01266,0.4706566906690669
01267,0.7999999999999999
01268,0.7250275027502749
01269,0.46699241352706705
01270,0.6335643564356435
01271,0.618091309130913
01272,0.6575671852899575
01273,0.6457095709570956
01274,0.41502875851494925
01275,0.5195544554455446
01276,0.7999999999999999
01277,0.47325632563256326
01278,0.6594389438943895
01279,0.5376355492692126
01280,0.5622937293729373
01281,0.6213916391639164
01282,0.5892364236423642
01283,0.5119475309599925
01284,0.9249999999999998
01285,0.6941089108910891
01286,0.5867096233432867
01287,0.6433993399339935
01288,0.7765951595159516
01289,0.7088165959453088
01290,0.6667884645607417
01291,0.5907178217821782
01292,0.7112211221122111
01293,0.7999999999999999
01294,0.6584158415841583
01301,0.8504950495049506
01302,0.8009900990099009
01303,0.42467631378522475
01304,0.25
01305,0.5115765422696115
01306,0.7378712871287129
01307,0.8504950495049505
01308,0.8252475247524753
01309,0.8514851485148514
01310,0.9
01311,0.7757425742574257
01312,0.7561056105610561
01313,0.8252475247524753
01314,0.6362486248624862
01317,0.6757425742574257
01318,0.8252475247524753
01319,0.8752475247524754
01320,0.7504950495049505
01321,0.6169731258840169
01322,0.464480198019802
01325,0.7182178217821782
01326,0.7503300330033004
01327,0.4663366336633663
01328,0.7719471947194719
01333,0.7013201320132013
01334,0.9009900990099009
01335,0.4195954210805696
01336,0.24935413623329544
01337,0.35831357446339707
01338,0.194154997229478
01339,0.2335842429720003
01340,0.2702343695908052
01341,0.26314990829578316
01342,0.245105078431299
01343,0.32358902266533274
01344,0.3336884972214581
01345,0.2557881880513279
01346,0.3444572220379932
01347,0.28121913314926994
01348,0.30218761462487
01349,0.27617421099469913
01350,0.21575631098785694
01351,0.2983667801562765
01352,0.34819776738947106
01353,0.1948808975027058
01354,0.5706375784637288
01355,0.42930194080415995
01356,0.23182464229749994
01357,0.33446152910221894
01358,0.31791940621040926
01359,0.3808097322139993
01360,0.35672644410268173
01361,0.41051187631078373
01362,0.19927761855132878
01363,0.3189561122010819
01364,0.2156593099920852
01365,0.20979246001523227
01366,0.3506762625053401
01367,0.27007382881145253
01368,0.2473384838483848
01369,0.4403312116925978
01370,0.4258162514615017
01371,0.1697006854531607
01372,0.34000157158573
01373,0.36932559025133277
01374,0.4006674019050256
01375,0.338041804180418
01376,0.3292049204920492
01377,0.47136070749932146
01378,0.2826376447168526
01379,0.3184818481848185
01380,0.26984457048943766
01381,0.3010058148672009
01382,0.19345145040819872
01383,0.2154054691183404
01384,0.4195850019784585
01385,0.19613222191784396
01386,0.20199060300118682
01387,0.2700848656294201
01388,0.2886492220650636
01389,0.31077322017916076
01390,0.2392117783206892
01391,0.17856522494354696
01392,0.9093069306930692
01393,0.9
01394,0.8663366336633663
01395,0.6653465346534654
01396,0.8410891089108912
01397,0.7564356435643564
01398,0.8112211221122113
01399,0.9
01400,0.800990099009901
01401,0.7663366336633664
01402,0.7621782178217822
01403,0.9
01404,0.9252475247524753
01405,0.7168316831683168
01406,0.7336633663366336
01407,0.7
01408,0.7999999999999999
01409,0.7999999999999999
01410,0.8999999999999998
01411,0.9999999999999998
01412,0.8999999999999998
01413,0.8999999999999998
01414,0.9999999999999998
01415,0.8333333333333333
01416,0.7
01417,0.8427722772277229
01418,0.7391089108910892
01419,0.5316831683168317
01420,0.8891089108910892
01421,0.8554455445544555
01422,0.9
01423,0.8905940594059405
01424,0.9168316831683168
01425,0.7635643564356436
01426,0.7855445544554452
01427,0.9112211221122113
01428,0.7938613861386138
01444,0.15969570114830425
01445,0.3287329090051862
01446,0.3343144476325866
01447,0.3977816881867078
01448,0.6587132154163888
01449,0.34078612317784907
01450,0.40926364983576724
01451,0.3198393391375337
01452,0.34074191522097186
01453,0.10814493414127328
01454,0.13462407550139988
01455,0.1053562227341804
01456,0.11114771033177162
01457,0.3234336138324076
01458,0.16716020767516118
01459,0.5715179399159819
01460,0.07504087236684454
01461,0.34968863553478285
01462,0.11579070819169829
01463,0.38095733335903786
01464,0.32693738259941496
01465,0.27313240028456287
01466,0.20896878964899973
01467,0.22078925923773615
01468,0.28035442418973977
01469,0.29054290923181914
01470,0.07367329397032367
01471,0.2599340392143326
01472,0.20786236053000282
01473,0.27030280462969053
01474,0.23637844053152154
01475,0.19926680460162882
01476,0.21539364839982564
01477,0.3438265647852284
01478,0.10473944475439229
01479,0.11841110248497498
01480,0.17568681284372667
01481,0.39834399845537577
01482,0.120467071019239
01483,0.1662744896292547
01484,0.27517573699777226
01485,0.12245796821468523
01486,0.17063239696723023
01487,0.0896171085339738
01488,0.21588776970654452
01489,0.23560700015575453
01490,0.4658611909621273
01491,0.31302536780551254
01492,0.40399977613860455
01493,0.28790556568610615
01494,0.9336633663366337
01495,0.6485148514851485
01496,0.7747524752475249
01497,0.9504950495049505
01498,0.9326732673267326
01499,0.7301980198019802
01500,0.7084158415841585
01501,0.7567326732673267
01502,0.8074257425742575
01503,0.9
01504,0.6504950495049505
01505,0.7587458745874588
01506,0.7592409240924092
01507,0.8
01508,1.0
01509,0.6577086280056577
01510,0.7514851485148515
01511,0.805940594059406
01512,0.6638613861386139
01513,0.7999999999999999
01514,0.85
01515,0.6017401740174018
01516,0.5762376237623762
01517,0.5733910891089109
01518,0.8999999999999998
01519,0.8990099009900989
01520,0.7
01521,0.8999999999999998
01522,0.5856435643564356
01523,0.7158415841584158
01524,0.5823090929782634
01525,0.5092409240924092
01526,0.2
01527,0.9277227722772278
01528,0.7086956521739131
01529,0.8873762376237624
01530,0.41428571428571426
01531,0.011111111111111113
01532,0.0
01533,0.39999999999999997
01534,0.0041666666666666675
01535,0.0
01536,0.0
01537,0.0
01538,0.0
01539,0.011999999999999999
01540,0.019999999999999997
01541,0.0
01542,0.0
01543,0.00769230769230769
01544,0.4999999999999999
01545,0.07192982456140352
01546,0.12499999999999997
01547,0.0
01548,0.0
01549,0.0
01550,0.0
01551,0.0
01552,0.0
01553,0.0
01554,0.0
01555,0.75
01556,0.0
01557,0.0125
01558,0.0
01559,0.0
01560,0.0
01561,0.0
01562,0.0
01563,0.0
01564,0.0
01565,0.0
01566,0.75
01567,0.0
01568,0.0
01569,0.0
01570,0.0
01571,0.0
01572,0.0
01573,0.0
01574,0.0
01575,0.0
01576,0.0
01577,0.8999999999999998
01578,0.025
01579,0.0
01580,0.3203868649413204
01581,0.4360261026102611
01582,0.38034053405340534
01583,0.5482508250825082
01584,0.4024886060034574
01585,0.6967656765676566
01586,0.4214521452145214
01587,0.33574750578506124
01588,0.41949912638322645
01589,0.45133388338833885
01590,0.4681871758604432
01591,0.3628712871287129
01592,0.2626558489182252
01593,0.21836263937749079
01594,0.16226622662266224
01595,0.32417491749174915
01596,0.20316281628162816
01597,0.05700389646807818
01598,0.09554455445544552
01599,0.12471387489626157
01600,0.12127558909737125
01601,0.1267798208392268
01602,0.09752387937206419
01603,0.13256258959229258
01604,0.12488448844884488
01605,0.12665566556655666
01606,0.13212871287128714
01607,0.1443541209711033
01608,0.13130574595921132
01609,0.13412541254125412
01610,0.12845159515951596
01611,0.13488341315334543
01612,0.15205211514940314
01613,0.15131656022745135
01614,0.11430928807166431
01615,0.13512572685840013
01616,0.1089007472175789
01617,0.11046143075846047
01618,0.08890341864375116
01619,0.11782178217821782
01620,0.0948944894489449
01621,0.08701346325108701
01622,0.07803896518684127
01623,0.0771837183718372
01624,0.07460501369285864
01625,0.10679190996022679
01626,0.06262376237623762
01627,0.4268842384243696
01628,0.27927542754275425
01629,0.21838755304101837
01630,0.5003746320578004
01631,0.0861005331302361
01632,0.173995756718529
01633,0.21328932893289326
01634,0.300618811881188
01635,0.13215318435868353
01636,0.40273691654879773
01637,0.3407608407899614
01638,0.4389606441847192
01639,0.3761953848983264
01640,0.45487977369165483
01641,0.24475206891414175
01642,0.3662305516265912
01643,0.37264851485148515
01644,0.2687889503236037
01645,0.4754950495049505
01646,0.4838277161049438
01647,0.3055629191951453
01648,0.388069306930693
01649,0.4414851485148515
01650,0.1570925090486804
01651,0.1507136854268981
01652,0.1820811492913997
01653,0.4547492111848547
01654,0.4809405940594059
01655,0.517589278158585
01656,0.4420679567956795
01657,0.3975064173083974
01658,0.40912668189895907
01659,0.27033828382838276
01660,0.37164239953407097
01661,0.37764914953033757
01662,0.40105403013419616
01663,0.2966143259170434
01664,0.2787428742874287
01665,0.34167455893941046
01666,0.25651185842744906
01667,0.29686042797828166
01668,0.5358745874587458
01669,0.43366336633663366
01671,0.3388423457730388
01672,0.3641206977840641
01673,0.4044132320208765
01674,0.42827282728272825
01675,0.39080033003300324
01676,0.5583168316831683
01677,0.39031903190319023
01678,0.27505893446487506
01679,0.41715421542154213
01680,0.3999999999999999
01681,0.5727487034417726
01682,0.4291666666666666
01683,0.26599481376709094
01684,0.24173437462432015
01685,0.1750199737168287
01686,0.22096112944627797
01687,0.08202695269526952
01688,0.3436884714112436
01689,0.3959983498349835
01690,0.39612227889455615
01691,0.46003176404596974
01692,0.38009673815366884
01693,0.40925742574257423
01694,0.279619758968378
01695,0.22324951542773327
01696,0.28309885475727053
01697,0.30500185431517274
01698,0.39382602545968876
01699,0.22014198672614507
01700,0.5256178595287506
01701,0.3193778644273694
01702,0.34267973856209144
01703,0.48433168316831676
01705,0.5201277767528305
01706,0.5688118811881188
01707,0.3701329886683249
01708,0.4777777777777777
01709,0.44818481848184816
01710,0.5204620462046206
01711,0.5928408225437924
01712,0.5055005500550055
01713,0.22648514851485144
01714,0.6194719471947195
01715,0.6616611661166116
01716,0.7504950495049505
01717,0.806814210832848
01718,0.5643564356435644
01719,0.5643564356435644
01720,0.5410891089108911
01721,0.565940594059406
01722,0.554950495049505
01723,0.5554455445544553
01724,0.48730873087308746
01725,0.6514851485148514
01726,0.8504950495049505
01727,0.5663366336633663
01728,0.4902115211521152
01729,0.5177227722772277
01730,0.594959495949595
01731,0.4195544554455445
01732,0.5962480458572174
01733,0.5158415841584159
01734,0.5103113600833767
01735,0.3100810081008101
01736,0.15142995718490765
01737,0.33825082508250837
01738,0.6170173267326733
01739,0.5148514851485149
01740,0.35385431400282885
01741,0.46584158415841587
01742,0.43168316831683173
01743,0.8
01744,0.43168316831683173
01745,0.3316831683168317
01746,0.48291003013344824
01747,0.37332599926659327
01748,0.27451293516448416
01749,0.4007295466388744
01750,0.30297029702970296
01751,0.3364536453645365
01752,0.31904308562724404
01753,0.5755775577557756
01754,0.4358910891089109
01755,0.5298019801980198
01756,0.4358910891089109
01757,0.5677047704770478
01758,0.31501650165016504
01759,0.036623956513298375
01760,0.5954695469546953
01761,0.3187230261487687
01762,0.4554455445544555
01763,0.597029702970297
01764,0.49359735973597374
01765,0.2877887788778878
01766,0.5209697892866211
01767,0.36857466996699684
01768,0.4252475247524753
01769,0.17324846770391322
01770,0.17876787678767875
01771,0.3411641164116411
01772,0.18170469220835123
01773,0.16356360636063608
01774,0.4261669024045259
01775,0.2599021440605599
01776,0.24792620018304357
01777,0.41188118811881197
01778,0.6013201320132013
01779,0.9009900990099009
01780,0.6504950495049504
01781,0.26369636963696363
01782,0.42425742574257425
01783,0.5275813295615277
01784,0.634983498349835
01785,0.6410891089108912
01786,0.3202970297029703
01787,0.667986798679868
01788,0.4772277227722773
01789,0.3326732673267327
01790,0.5300990099009899
01791,0.428995756718529
01792,0.6070721357850071
01793,0.4918151815181517
01794,0.44405940594059407
01795,0.700990099009901
01796,0.4006092916984006
01797,1.0
01799,0.7757425742574257
01800,0.8504950495049506
01801,0.4544554455445543
01802,0.9
01804,1.0
01807,0.9628712871287128
01809,0.9252475247524753
01810,0.9252475247524753
01811,0.9
01819,0.9
01824,1.0
01828,1.0
01831,0.8999999999999998
01833,0.7
01834,0.7999999999999999
01835,0.5999999999999999
01836,0.8999999999999998
01837,0.5999999999999999
01838,0.8999999999999998
01841,0.6029702970297028
01842,0.7504950495049505
01845,0.8252475247524753
01846,0.45148514851485144
01847,0.9535891089108912
01848,0.701942117288652
01849,0.9
01850,0.7297779777977798
01851,0.5534653465346533
01852,0.9504950495049505
01853,0.8698019801980197
01854,0.6848184818481848
01855,0.6772277227722772
01856,0.833993399339934
01857,0.5724752475247528
01858,0.8119911991199119
01859,0.7504950495049505
01860,0.6757425742574257
01861,0.5501650165016503
01862,0.7530153015301531
01863,0.2783592644978784
01864,0.20130290501577627
01865,0.2772277227722772
01866,0.10343234323432342
01867,0.1996693040047038
01868,0.17321037986151555
01869,0.1121039603960396
01870,0.2763201320132013
01871,0.25182461103253184
01872,0.2798203858847423
01873,0.2576420667276812
01874,0.27900482355927897
01875,0.2277887788778878
01876,0.29359735973597356
01877,0.36179160773220176
01878,0.34254524353534255
01879,0.35473336807364947
01880,0.30186651583710405
01881,0.4272060241738459
01882,0.32452145214521455
01883,0.26898868458274394
01884,0.28914758017155096
01885,0.21875502676318045
01886,0.23894017754614566
01887,0.316022920973416
01888,0.3667955871217373
01889,0.2935422954060112
01890,0.2797717271727173
01891,0.18609146628948606
01892,0.34831683168316835
01893,0.33886138613861383
01894,0.39044554455445546
01895,0.30471947194719473
01896,0.29511830627148034
01897,0.41651897095734586
01898,0.3749010302133779
01899,0.4933557641478433
01900,0.46474697469746973
01901,0.5455812874520535
01902,0.4851744460160302
01903,0.5793037062326922
01904,0.40900204306144905
01905,0.4921304274120432
01906,0.4769075922370562
01907,0.488211737561716
01908,0.3700096438215249
01909,0.4800424328147101
01910,0.4823374102116095
01911,0.47112211221122113
01935,0.3000717185086523
01936,0.397908374084463
01937,0.227739275058443
01938,0.37275626248039134
01939,0.35080028109424005
01940,0.3449058996137041
01941,0.32882836686250544
01942,0.3237726189396236
01943,0.3751336343512985
01944,0.3331307111197205
01945,0.347828868620585
01946,0.3862703605640122
01947,0.36314157751838516
01948,0.37616727926402355
01949,0.30556858624535943
01950,0.3437981230686302
01951,0.31926733265840557
01952,0.40565898040371245
01953,0.3692241119861492
01954,0.37780615758385755
01955,0.45588101875530984
01956,0.4063614912421369
01957,0.4251860861565497
01958,0.353690587952046
01959,0.41143747846521217
01960,0.4011073833608469
01961,0.32405099231780493
01962,0.37546336514003553
01963,0.33734397474426425
01964,0.41141342612403725
01965,0.35728800257493987
01966,0.37942346180204894
01967,0.31886200965057
01968,0.3464041183132587
01969,0.36734843112200943
01970,0.33404170564479296
01971,0.32954409972535037
01972,0.33418471483472983
01973,0.25513563831627273
01974,0.2901884302675118
01975,0.31583333675807895
01983,0.1491550342393634
01984,0.14657463599020723
01985,0.19559029360539187
01986,0.17461054922824087
01987,0.1656236289063089
01988,0.17004581457867657
01989,0.17005398236483743
01990,0.11846512708978936
01991,0.14832481066776146
01992,0.2320944223253115
01993,0.2318237699474496
01994,0.8052805280528051
01995,0.7227722772277227
01996,0.8613861386138615
01997,0.9009900990099011
01998,0.8217821782178218
01999,0.9207920792079207
02000,0.9349363507779348
02001,0.8613861386138613
02002,0.8389438943894388
02003,0.8908828382838283
02004,0.8663366336633663
02005,0.8831683168316831
02006,0.8635313531353136
02007,0.847701555869873
02008,0.8614097123998115
02009,0.835799151343706
02010,0.9306930693069306
02011,0.9009900990099011
02012,0.8324257425742573
02013,0.8886138613861385
02014,0.8881188118811881
02015,0.7440594059405939
02016,0.7121249047981723
02017,0.7652050919377651
02018,0.5936633663366336
02019,0.728892889288929
02020,0.8048090523338047
02021,0.5553323903818954
02022,0.66996699669967
02023,0.7316831683168317
02024,0.6772277227722772
02025,0.9331683168316832
02026,0.9442244224422442
02027,0.9168316831683168
02028,0.9442244224422442
02029,0.7778877887788779
02030,0.8168316831683168
02031,0.9168316831683168
02032,0.9
02033,0.7061056105610561
02034,0.8422442244224422
02035,0.8752475247524754
02036,0.8227722772277228
02037,0.8336633663366337
02038,0.8673267326732674
02039,0.7712871287128713
02040,0.7514851485148515
02041,0.9336633663366337
02042,0.8836633663366337
02043,0.9
02044,0.29202171306874275
02045,0.2038871240031512
02046,0.2340178002850827
02047,0.18893266217378038
02048,0.15094447527896063
02049,0.22056009697608414
02050,0.301005933926726
02051,0.2633798385638737
02052,0.32131182809400627
02053,0.27281259215665155
02054,0.2692759851814999
02055,0.2833192128736683
02056,0.3026507362274689
02057,0.3072584509667243
02058,0.17569322680708818
02059,0.2297733627183316
02060,0.2487958550722873
02061,0.2739009900990098
02062,0.23509121745507888
02063,0.20154031720307583
02064,0.1931417744949098
02065,0.18202778952163043
02066,0.19544984120260764
02067,0.26325632563256324
02068,0.16318838780429765
02069,0.28281021447780386
02070,0.2354116336329092
02071,0.3060510175128695
02072,0.19037290800744078
02073,0.13510871675402836
02074,0.10711659619935243
02075,0.16061865284733967
02076,0.17200972697502798
02077,0.2091105391578294
02078,0.21231845023582818
02079,0.16106385638563855
02080,0.2518961181832469
02081,0.204397283499309
02082,0.167643698559262
02083,0.2668865368679725
02084,0.3072468821075655
02085,0.3109193776520509
02086,0.2965458410247804
02087,0.34181105610561047
02088,0.25996349634963495
02089,0.28099284928492846
02090,0.25538791974435543
02091,0.20688747446173186
02092,0.2641295379537954
02093,0.20952012172353515
02094,0.22170528170236964
02095,0.4794993815667853
02096,0.5662648990462957
02097,0.57000228594288
02098,0.47019566242338523
02099,0.5515930054543917
02100,0.4977341340691446
02101,0.6245015463084769
02102,0.4854998969284684
02103,0.4641501650165016
02104,0.6325445544554456
02105,0.731606553512494
02106,0.6175884619634651
02107,0.5667609618104668
02108,0.5038778877887788
02109,0.5562251607220523
02110,0.5528748479243528
02111,0.5647593931985312
02112,0.6165988285268373
02113,0.5196101753032445
02114,0.4826869353828861
02115,0.2688677040781001
02116,0.30047751098639275
02117,0.36950220022002195
02118,0.3939723793807952
02119,0.3543606504613309
02121,0.3892562470532767
02122,0.6011642830949762
02125,0.5806930693069307
02126,0.6698632720414898
02129,0.3086358241087266
02130,0.34987688352168556
02131,0.16094194568301795
02132,0.2918526325971941
02133,0.23204414946989202
02134,0.3131969655298863
02135,0.365943737230866
02136,0.3834208849866122
02137,0.241021645021645
02138,0.48072288207081576
02139,0.35151369241248775
02140,0.10527526466932406
02141,0.45392167661352295
02142,0.4668633163682669
02143,0.29999999999999993
02144,0.5175412541254124
02145,0.3063035198256667
02146,0.27471290425745865
02147,0.21538583392500738
02148,0.2264314981663898
02149,0.33530997715156136
02150,0.26664545025931163
02151,0.07078412432172301
02152,0.23756765901436835
02153,0.2560792129385868
02154,0.0968288822201287
02155,0.20507566715791078
02156,0.1802663972115781
02157,0.28208143341186964
02158,0.08491315165188054
02159,0.1913206064959715
02160,0.1066919167152344
02161,0.08330618931458363
02177,0.4109900990099009
02178,0.42363469820465083
02179,0.589600631115743
02180,0.553026402640264
02181,0.5027301311212201
02183,0.6366729530095867
02184,0.6263687907252263
02186,0.45643564356435634
02187,0.43841584158415836
02188,0.5160394164416442
02189,0.5124862486248625
02190,0.40320852085208514
02192,0.553238242780322
02193,0.48428607592902145
02194,0.48369956410594606
02195,0.41247532440540813
02196,0.4491630840810822
02197,0.4776342424615132
02198,0.49252909830581393
02199,0.6693926818504471
02200,0.46833102663548204
02201,0.6399628712871287
02202,0.7670628293605007
02215,0.5500022746635566
02217,0.47202970297029695
02218,0.42316368491577605
02219,0.34142462166384707
02220,0.23235947564536671
02221,0.3918689482963538
02222,0.4514076270264389
02223,0.2713107570148786
02224,0.2938999983277177
02225,0.39502903312309257
02226,0.36259355557404477
02227,0.32105139085337103
02228,0.27892663545200674
02230,0.27688325082508247
02231,0.29029757371341525
02232,0.5384797854785478
02233,0.3339698148580738
02234,0.25608341191261985
02235,0.22419570044562054
02236,0.19472283234962492
02237,0.37416544227952203
02238,0.3492562592379639
02239,0.6545430935690741
02240,0.7192493025368429
02241,0.6685305557866711
02242,0.6915841584158415
02243,0.689388374321303
02244,0.7303630363036302
02245,0.6023169118531285
02246,0.6504551005385167
02247,0.6323800838730489
02248,0.6509900990099009
02249,0.6659034653465346
02250,0.41012101210121005
02251,0.30037128712871286
02252,0.7073696369636964
02253,0.734158415841584
02254,0.8306930693069305
02255,0.6129528886954629
02256,0.8492574257425742
02257,0.691089108910891
02258,0.7222547254725471
02259,0.8240010608203677
02260,0.5178742874287429
02261,0.5928429381399678
02262,0.7957920792079207
02263,0.7728712871287128
02264,0.7628241395568127
02265,0.7226485148514851
02277,0.8468646864686468
02278,0.8204384724186703
02279,0.7943069306930692
02280,0.9022070957095709
02281,0.8814356435643562
02302,0.29300569573086344
02303,0.25462831997485463
02313,0.42254832626119754
02315,0.37336162187647337
02316,0.5035658565856586
02317,0.6091231942961738
02319,0.192024202420242
02320,0.29697162985529324
02321,0.22677710078700175
02322,0.15247524752475247
02323,0.1347949080622348
02324,0.14953552708211998
02325,0.15818010372465818
02326,0.18095961401036853
02327,0.08989625869871565
02328,0.14697995864749383
02329,0.11482980872169483
02330,0.1108656797356754
02331,0.2188128674151059
02332,0.23132956152758136
02333,0.2187270869944137
02334,0.2634312699562639
02335,0.30165462492195166
02336,0.24559746450835562
02337,0.21047854785478545
02338,0.7976347634763474
02339,0.5834983498349834
02340,0.6267326732673266
02341,0.6514851485148514
02342,0.651138613861386
02343,0.5845544554455445
02344,0.7252475247524752
02345,0.8252475247524753
02346,0.8504950495049505
02347,0.6211221122112212
02348,0.5551940908376553
02349,0.5425742574257426
02350,0.5591230551626591
02351,0.26109735973597364
02352,0.3826732673267327
02353,0.23960396039603965
02354,0.3910891089108911
02355,0.349009900990099
02356,0.34950495049504954
02357,0.3074257425742575
02358,0.3276127612761276
02359,0.3309818481848185
02360,0.37623762376237624
02361,0.288036303630363
02362,0.2821782178217822
02363,0.2483910891089109
02364,0.34154184649234154
02365,0.3056105610561056
02366,0.2844884488448845
02367,0.3014851485148514
02368,0.2891089108910891
02369,0.25742574257425743
02370,0.297029702970297
02371,0.27128712871287125
02372,0.36371373979503213
02373,0.40561056105610566
02374,0.4042079207920792
02375,0.38333333333333336
02376,0.3721122112211221
02377,0.4054455445544555
02378,0.38366336633663367
02379,0.810891089108911
02380,0.8336633663366337
02381,0.8227722772277228
02382,0.8
02383,0.8381188118811881
02384,0.7772277227722773
02385,0.7518151815181517
02386,0.7775577557755775
02387,0.7059405940594059
02388,0.799166232412715
02389,0.7534653465346535
02390,0.6831683168316832
02391,0.6607260726072607
02392,0.9422442244224423
02393,0.7762376237623763
02394,0.8422442244224422
02395,0.7806930693069306
02396,0.8613861386138613
02397,0.8673267326732672
02398,0.8257425742574256
02399,0.8706270627062705
02401,0.8207920792079207
02402,0.6915594059405941
02403,0.7903818953323902
02404,0.74031117397454
02405,0.7200495049504949
02406,0.665071507150715
02407,0.6148514851485148
02408,0.6915841584158418
02409,0.6885148514851485
02410,0.649063214013709
02411,0.8434936350777937
02412,0.642904290429043
02413,0.8257425742574256
02414,0.822029702970297
02415,0.7943894389438944
02416,0.646448971820259
02417,0.8574257425742573
02418,0.816089108910891
02419,0.8277227722772278
02420,0.8778877887788777
02422,0.7742574257425743
02423,0.8257425742574256
02424,0.817161716171617
02425,0.7683934877004185
02426,0.7021039603960396
02427,0.8049092409240926
02428,0.7564246424642465
02429,0.37674504950495047
02430,0.4624215274788348
02431,0.4177117711771177
02432,0.5811881188118811
02433,0.320049504950495
02434,0.3490584352552902
02435,0.5086633663366337
02436,0.4461810466760962
02437,0.4920792079207921
02438,0.33877887788778877
02457,0.5776374814900844
02458,0.4762295493285592
02459,0.3858967766672177
02460,0.576264977688245
02461,0.4864395351246212
02462,0.29900095514477554
02463,0.3821526920447308
02464,0.4760472641393694
02465,0.5610016320313349
02466,0.5320077469285389
02467,0.5162926292629263
02481,0.19369636963696368
02482,0.19354549740688354
02483,0.31934666870942413
02484,0.16426623353073141
02485,0.31398514851485143
02486,0.2753017444601603
02487,0.160657515026865
02488,0.1877540611203978
02489,0.1939127246057939
02490,0.27463823305407464
02491,0.2605335533553355
02492,0.2907040704070407
02493,0.2847131251586697
02494,0.23850547072962877
02495,0.2740959793656567
02496,0.300990099009901
02497,0.28348334833483346
02498,0.20270355451694239
02499,0.3106333065739006
02500,0.24365599899372872
02501,0.11754110678925034
02502,0.13960396039603962
02503,0.19375489370799429
02504,0.1929019330504479
02505,0.14361654022545112
02506,0.2662485421474478
02507,0.2772485853896745
02508,0.424524364201126
02509,0.31177117711771174
02510,0.4534323432343234
02511,0.1814992927864215
02512,0.11436193619361938
02513,0.177007700770077
02514,0.18610146728958613
02515,0.13691419141914193
02516,0.03366336633663366
02517,0.04458274398868458
02518,0.09009900990099007
02519,0.2341034103410341
02520,0.40115511551155114
02521,0.5593069306930691
02522,0.624009900990099
02526,0.5601485148514851
02527,0.5475247524752476
02531,0.7333333333333334
02532,0.48754125412541255
02533,0.6271617161716172
02534,0.6168316831683167
02535,0.5612211221122112
02536,0.8336633663366337
02537,0.8663366336633663
02538,0.7778877887788779
02539,0.8326732673267326
02540,0.9336633663366337
02541,0.7663366336633664
02542,0.8663366336633663
02543,0.8663366336633664
02544,0.9108910891089108
02545,0.9336633663366337
02546,0.8663366336633663
02547,0.8666666666666668
02548,0.9336633663366337
02549,0.5168316831683168
02550,0.7
02551,0.7502828854314003
02552,0.6018151815181518
02556,0.5751237623762375
02557,0.5778740374037403
02558,0.5836633663366336
02559,0.5626237623762376
02560,0.9252475247524752
02561,0.8999999999999999
02562,0.8626237623762376
02563,0.5122657096536721
02564,0.43399339933993397
02566,0.6987623762376237
02567,0.7925367536753675
02568,0.722112211221122
02569,0.7686468646864686
02570,0.7657590759075908
02571,0.85016501650165
02572,0.8531353135313531
02573,0.793069306930693
02574,0.7252707043279578
02575,0.684489708128322
02576,0.6707885304659498
02583,0.7
02584,0.2442244224422442
02585,0.282046204620462
02586,0.17594059405940593
02587,0.2983993399339934
02588,0.24377062706270625
02589,0.20024752475247523
02590,0.17475247524752474
02591,0.40082508250825083
02592,0.3063118811881188
02593,0.1988228822882288
02594,0.23873762376237623
02595,0.6023809523809524
02598,0.36474147414741465
02599,0.9
02600,0.6752475247524752
02601,0.4374182418241824
02602,0.40240645287056176
02603,0.5763010916476263
02604,0.4428869202709745
02605,0.6266501650165017
02606,0.5071516973125884
02607,0.625713453698311
02608,0.736107182146786
02609,0.6161166116611662
02610,0.8996699669966995
02611,0.8688118811881189
02612,0.8432755775577558
02613,0.7528492849284928
02614,0.9168316831683168
02615,0.9249174917491749
02616,0.8008470847084709
02617,0.6502663024923181
02618,0.4883993399339933
02619,0.5284011988155337
02620,0.5730935833968012
02623,0.6047087265814634
02624,0.4538818177030469
02625,0.7628839807057628
02626,0.7843622597553872
02627,0.7282178217821781
02628,0.8138613861386137
02629,0.7977227722772277
02630,0.7442244224422441
02631,0.7714338100476714
02632,0.7914191419141913
02633,0.8135313531353134
02634,0.7800330033003299
02635,0.703059152069053
02636,0.6995811119573495
02638,0.7915841584158414
02639,0.8442694269426942
02641,0.4680693069306931
02645,0.8207920792079209
02646,0.41443719768802273
02647,0.25068545316070073
02648,0.31849479065553615
02653,0.48027199271651305
02654,0.47848815763929337
02656,0.43649614961496147
02662,0.8432343234323433
02664,0.8422442244224422
02665,0.9128712871287128
02666,0.6982534899452678
02667,0.6605610561056104
02668,0.652074493163602
02669,0.6892582115354392
02670,0.6154365436543654
02671,0.5612637615112862
02672,0.6211456859971711
02673,0.7386138613861385
02674,0.5345617895122845
02675,0.6591499743001962
02676,0.6209233066163758
02677,0.560304691183404
02678,0.5033603618926856
02679,0.5006917999492256
02680,0.5694141007507344
02681,0.5455974171097528
02682,0.6333333333333332
02683,0.3452970297029703
02684,0.4855085508550854
02685,0.6333333333333333
02686,0.5060671067106709
02687,0.8457920792079208
02688,0.8085808580858085
02689,0.7492692126355491
02690,0.8396746817538895
02691,0.894059405940594
02692,0.9126237623762375
02693,0.8837458745874587
02694,0.7960396039603959
02695,0.40358910891089106
02696,0.4628712871287129
02697,0.4051155115511551
02698,0.4141089108910892
02699,0.5108910891089109
02700,0.493069306930693
02702,0.4285478547854785
02704,0.43821782178217816
02705,0.571181046676096
02706,0.6013719943422913
02708,0.7155940594059405
02710,0.7246110325318245
02711,0.769059405940594
02712,0.7126237623762376
02713,0.8238448844884488
02714,0.7187293729372938
02715,0.6037128712871287
02716,0.14664466446644664
02717,0.10247524752475247
02718,0.0854156844255854
02719,0.14451143328618574
02720,0.2597123998114097
02721,0.22186704384724187
02722,0.22113861386138614
02723,0.3028983969825554
02724,0.32305516265912304
02725,0.3795379537953795
02726,0.35665566556655665
02727,0.29183892073417866
02728,0.3184158415841584
02729,0.30561056105610557
02730,0.34958352978154955
02731,0.5924092409240923
02732,0.30996477799040406
02733,0.3735844172652559
02734,0.26285295196186287
02735,0.2468086332442768
02736,0.3101210121012101
02737,0.20572057205720573
02738,0.1931989865653232
02747,0.9999999999999998
02752,0.9999999999999998
02753,0.9499999999999998
02755,0.8999999999999998
02769,0.9999999999999998
02776,0.8999999999999998
02777,0.7999999999999999
02778,0.7
02796,0.8999999999999998
02797,0.7999999999999999
02798,0.7999999999999999
02800,0.4039603960396039
02801,0.4643564356435643
02802,0.3759547383309759
02803,0.5794350863657795
02823,0.6854785478547856
02825,0.4544554455445543
02826,0.9999999999999998
02834,0.7499999999999998
02835,0.8499999999999999
02836,0.7999999999999999
02837,0.7999999999999999
02843,0.7999999999999999
02845,0.7999999999999999
02846,0.7999999999999999
02847,0.6633663366336635
02848,0.8499999999999999
02849,0.8499999999999999
02850,0.8499999999999999
02851,0.7999999999999998
02852,0.8499999999999999
02853,0.7499999999999998
02854,0.7999999999999998
02855,0.8499999999999999
02856,0.8499999999999999
02857,0.8499999999999999
02858,0.9099999999999997
02859,0.9499999999999997
02860,0.8999999999999998
02861,0.9499999999999997
02870,0.8663366336633663
02871,0.8252475247524753
02873,0.9
02874,0.8844884488448844
02875,0.9504950495049505
02879,0.6353478204963354
02881,0.8653465346534654
02882,0.6943894389438945
02883,0.733003300330033
02887,0.5772277227722771
02897,0.5374469589816124
02901,0.45762219079050764
02905,0.8009900990099009
02920,0.4433851321965666
02929,0.8504950495049506
02930,0.9999999999999998
02931,0.9999999999999998
02934,0.4546442012622315
02935,0.4179396511079679
02936,0.40154090958546407
02937,0.29499209206634947
02938,0.9999999999999998
02943,0.588908154640349
02944,0.575133934224913
02945,0.5308874619241033
02946,0.41095648511226474
02947,0.22168007673965048
02948,0.1652263149883957
02949,0.20459236656424268
02950,0.3227825907590759
02951,0.20442106710671065
02952,0.11780608394174413
02953,0.15579276677667764
02954,0.21455288385981455
02955,0.5134158415841583
02956,0.4036581236878267
02957,0.17415949773031134
02958,0.2040042695614163
02959,0.2151235160184431
02960,0.16791435553811787
02961,0.2448424183077648
02962,0.2730767042221464
02963,0.38984431051800844
02964,0.35839588678200146
02965,0.2810891089108911
02966,0.21596416281695757
02968,0.3973383382294273
02970,0.4565266998949164
02971,0.4646661887908248
02972,0.4034653465346535
02973,0.35680693069306924
02974,0.4579207920792079
02975,0.2836386138613861
02976,0.5428453559641677
02987,0.7074257425742574
02988,0.7093234323432343
02989,0.7110561056105611
02990,0.8155115511551154
02991,0.841089108910891
02992,0.7643564356435644
02993,0.6594609460946096
02994,0.7981848184818479
02995,0.8554455445544553
02996,0.6699723543782949
03010,0.4006188118811881
03031,0.23652831165469487
03032,0.2205860525361593
03033,0.6485280031762574
03034,0.5179728687154429
03035,0.4563506056488002
03036,0.40184818481848184
03037,0.4162849284928493
03038,0.2936955981312417
03039,0.35174917491749175
03040,0.23333536496030025
03041,0.49654932159882653
03042,0.3556843842278965
03043,0.3506422059888916
03044,0.447029702970297
03045,0.5221076527192949
03046,0.8059405940594058
03048,0.6273682565624983
03049,0.23866724907784898
03050,0.5457513608503707
03051,0.48687698181582856
03052,0.278085379966568
03053,0.3782494793597006
03054,0.28052887277445365
03055,0.4933983149867781
03056,0.6725894897182025
03057,0.46507838283828384
03058,0.3449243341322549
03059,0.4890924427808635
03060,0.443543270993766
03061,0.3802301230123012
03062,0.5901098145528838
03063,0.4613694405154801
03064,0.45237388024516734
03065,0.3439256953952459
03066,0.3597781444811148
03067,0.3181164545025931
03068,0.32212644799278456
03069,0.31820092723558063
03070,0.27305981260415246
03071,0.3121469889236986
03072,0.30007490380374446
03073,0.26628445626454667
03074,0.25494171373942026
03075,0.3130949248771031
03076,0.41754675467546754
03077,0.4583468731915861
03078,0.3611701486398886
03080,0.5499449944994499
03081,0.4632722772277227
03082,0.5471711456859971
03084,0.3735148514851485
03087,0.696994342291372
03088,0.7260136727958508
03089,0.7803630363036302
03090,0.6670792079207921
03091,0.6212541254125412
03092,0.7883663366336633
03093,0.4887352567223936
03094,0.4847584758475848
03101,0.5805280528052805
03102,0.45829207920792076
03103,0.7084158415841584
03104,0.87003300330033
03105,0.6836633663366335
03106,0.914026402640264
03107,0.45990099009900987
03108,0.5464639321074963
03109,0.40750275027502747
03110,0.47557755775577554
03111,0.8878712871287129
03112,0.7359087694483732
03113,0.8678217821782179
03114,0.6762376237623762
03115,0.6956545654565457
03116,0.7778877887788779
03117,0.7376856435643565
03118,0.5701821074964639
03119,0.8627475247524752
03120,0.8025228484386899
03121,0.7856023102310231
03122,0.7572842998585573
03123,0.8504950495049504
03124,0.5501650165016501
03125,0.4043316831683168
03126,0.4060506050605061
03127,0.40328094714233326
03128,0.7392189218921892
03129,0.8651343705799152
03130,0.5896589658965896
03131,0.7560859657394311
03132,0.7584158415841584
03133,0.7950495049504951
03134,0.802970297029703
03135,0.6452970297029703
03136,0.7752475247524753
03137,0.7268151815181518
03138,0.774381188118812
03139,0.7092574257425743
03140,0.6449257425742574
03141,0.750990099009901
03142,0.7330622347949081
03143,0.779950495049505
03144,0.6362286228622861
03145,0.8314356435643564
03146,0.8499999999999999
03147,0.8999999999999999
03153,0.6080663948747816
03156,0.6336633663366337
03157,0.3959495949594959
03158,0.29780114818204506
03166,0.8465346534653465
03167,0.4139851485148515
03168,0.4113861386138614
03169,0.9
03170,0.45
03171,0.286987270155587
03172,0.46287128712871295
03173,0.5355964167845357
03174,0.5562093352192361
03175,0.8326732673267326
03176,0.5834983498349835
03177,0.6772277227722772
03178,0.7110325318246109
03179,0.6386138613861386
03180,0.5883388338833884
03181,0.6427690833599489
03182,0.5663105784262636
03183,0.6785030871508203
03184,0.6994211728865195
03185,0.5439705509012439
03186,0.4291419141914191
03190,0.43782480154692704
03191,0.3651535614811956
03192,0.37815816331834085
03193,0.39893903348903387
03194,0.44335253525352536
03195,0.4055246867986195
03196,0.3625478569284079
03197,0.44429401099066235
03198,0.20483127766079975
03199,0.4769108145114676
03200,0.5124209688770734
03201,0.4132144068611459
03202,0.3991895929735184
03203,0.46782238846251756
03204,0.447059321316747
03205,0.24316498094257044
03206,0.3445235196167055
03207,0.22751951899297757
03208,0.21934716933231785
03209,0.17446799462207963
03210,0.3151813935271425
03211,0.19401261321204222
03212,0.1951105385010135
03213,0.1591593545971863
03214,0.20705486212781685
03215,0.2962341090718456
03216,0.601034629729294
03217,0.18193566349299786
03218,0.2083676201339047
03219,0.17504846957063916
03220,0.42170884957313887
03221,0.3614282021658086
03222,0.24889649011419374
03223,0.12037196401527232
03224,0.24116887102403606
03225,0.24320494244546403
03226,0.22303132533485026
03227,0.1793367419047444
03228,0.5504403835831422
03229,0.6448732515666546
03230,0.3987113802062632
03231,0.575284822817257
03232,0.6703382838283827
03233,0.2760296619724084
03234,0.3183313919627257
03235,0.8476897689768975
03236,0.8679867986798679
03237,0.6981494578029233
03238,0.602970297029703
03246,0.3828612431378884
03248,0.3936144069872574
03253,0.41381188118811885
03254,0.3813413012546676
03260,0.8562797556351379
03262,0.7121233318984073
03265,0.6336633663366336
03266,0.7183521923620932
03267,0.5042079207920792
03268,0.6836633663366336
03269,0.8668316831683168
03270,0.7247698454055931
03271,0.6336633663366336
03272,0.6504950495049504
03273,0.8163366336633662
03274,0.8
03275,0.8747524752475246
03276,0.6826732673267326
03277,0.6429985855728428
03280,0.7891756959507252
03283,0.42550381639994656
03321,0.45950023573785953
03322,0.49328147100424324
03323,0.5117958347558894
03324,0.46518998053651506
03325,0.48374587458745866
03326,0.5354903347477605
03327,0.3863036303630363
03328,0.3871012101210121
03329,0.6122937293729372
03330,0.5305610561056106
03331,0.5853842527109855
03332,0.6138613861386139
03334,0.44917491749174915
03335,0.5081999651578062
03336,0.3442574257425743
03337,0.5218921892189219
03338,0.46237623762376234
03339,0.3069654333854438
03340,0.3620462046204621
03341,0.19123070371553286
03342,0.21945290682914448
03343,0.21045316070068548
03344,0.17474997499749972
03345,0.17977172717271728
03346,0.21765676567656764
03370,0.5727283304367302
03371,0.5218500707213578
03372,0.4395068545316071
03373,0.4551412956614671
03374,0.40876255482691126
03375,0.34917491749174917
03376,0.535813623778349
03377,0.39379689687132896
03378,0.43308605330579136
03379,0.4103924970325087
03380,0.41702421151260155
03381,0.5006705223593567
03382,0.4634885640809202
03383,0.4447248671070744
03384,0.4291499254321036
03385,0.44893301445064815
03386,0.4476306075876195
03387,0.44443504740771206
03388,0.517012786634409
03389,0.5565238713533557
03390,0.4486903916308589
03391,0.3804573646925132
03392,0.4635495497734715
03393,0.40319552024481
03394,0.47026298073434153
03395,0.39437544769973093
03396,0.3806998292140907
03397,0.3629815935320289
03398,0.33526126792831046
03399,0.3321063397774283
03400,0.3598837983630458
03401,0.27783521024042696
03402,0.28819474299966674
03425,0.22280741206435342
03426,0.5357046365171635
03428,0.728593214001203
03432,0.7236234839022748
03436,0.30368113734450364
03437,0.6097029702970297
03438,0.2532053770372266
03441,0.4559159863354756
03442,0.25468965737153426
03443,0.2782553160523332
03444,0.5755024008727784
03447,0.7894462240341682
03448,0.543994908846394
03455,0.3369069049762119
03456,0.33130790248401415
03457,0.4420121222695228
03459,0.3416077744396475
03462,0.1628142369666831
03463,0.16906156869724653
03476,0.6488180686200488
03487,0.6022002200220022
03488,0.6336633663366337
03489,0.9336633663366335
03503,0.7336633663366336
03509,0.8461103253182459
03511,0.5714671467146715
03514,0.603960396039604
03521,0.8206883545497409
03524,1.0
03525,0.4158415841584159
03526,0.39172277227722774
03527,0.6439432820587804
03537,0.2850856944814211
03538,0.33304265041888803
03539,0.3771047693004595
03540,0.3866428892744682
03551,0.5945770714897223
03552,0.4683872455568537
03553,0.1928184576699428
03556,0.5111456859971711
03558,0.3925621193965238
03559,0.4277898129422204
03560,0.42172136093161133
03561,0.563960113960114
03562,0.6839339065485497
03563,0.2895955016554287
03564,0.19906321401370905
03565,0.12995049504950493
03567,0.26897587649774823
03570,0.43995019449913625
03583,0.4942801308192043
03587,0.7135135572380769
03588,0.6782833045209283
03592,0.5656389487082557
03593,0.6503097535028227
03594,0.5407661086944721
03601,0.37444466397859294
03602,0.26269484640771773
03603,0.43250889455370073
03607,0.7195269526952695
03609,0.7257425742574256
03613,0.49234761937732224
03628,0.29644822815614896
03629,0.3633135548394721
03634,0.5383614687999413
03642,0.39193109420832195
03643,0.2546628584074491
03644,0.5556910522985071
03645,0.5753734473537967
03646,0.6512446924055414
03647,0.5751711875714847
03648,0.6293883362695244
03649,0.6762460174588888
03650,0.6477987554093032
03651,0.5760368646228143
03652,0.6820514794053203
03657,0.6587372891074689
03658,0.73226864324874
03659,0.7056948184018036
03660,0.6859351355771124
03669,0.6755469014946607
03670,0.5470297029702968
03673,0.49172786474579444
03674,0.5125609959185964
03675,0.44684076474008955
03689,0.4196784601768447
03690,0.7573330190161873
03696,0.49176820068140537
03697,0.2444028196700275
03698,0.4068532341393919
03699,0.509996191926885
03707,0.595410281839097
03708,0.6414835997057262
03709,0.6897237494019671
03710,0.6645400254311145
03711,0.6496699669966998
03712,0.7672725129655822
03713,0.6641774891774891
03714,0.5109700713661108
03715,0.6145764576457645
03716,0.36952975461638826
03717,0.3233045752397381
03718,0.2587438146448047
03719,0.35979097909790975
03720,0.3143615000597804
03721,0.018935643564356435
03722,0.013916391639163916
03723,0.0
03724,0.0
03725,0.0
03726,0.0
03727,0.0
03728,0.0
03729,0.0
03730,0.0
03731,0.0
03732,0.0
03733,0.0
03734,0.0
03735,0.15990099009900988
03736,0.18649693540782644
03737,0.04307857256313866
03738,0.35
03739,0.0
03740,0.0
03749,0.49100660066006596
03760,0.9336633663366337
03761,0.7931930693069307
03770,0.4762376237623762
03777,0.9504950495049505
03778,0.9128712871287128
03779,0.9064356435643564
03780,0.9252475247524753
03781,0.9752475247524753
03782,0.969059405940594
03783,0.9381188118811881
03784,0.9252475247524753
03792,0.9752475247524753
03793,0.8633663366336632
03794,0.9752475247524753
03795,0.9422442244224423
03796,0.9752475247524753
03797,0.9628712871287128
03798,0.9752475247524753
03799,0.9381188118811881
03800,0.9752475247524753
03801,1.0
03802,0.9252475247524753
03803,0.9752475247524753
03804,0.9752475247524753
03805,1.0
03806,0.969059405940594
03807,0.9504950495049505
03808,0.9009900990099009
03809,0.9336633663366337
03810,0.8695544554455445
03811,0.9004950495049504
03812,0.7473125884016972
03813,0.8832673267326732
03814,0.8900282885431401
03815,0.9119224422442245
03816,0.9564356435643564
03817,0.9504950495049505
03818,1.0
03819,0.9752475247524753
03820,0.8452970297029703
03821,0.9752475247524753
03822,1.0
03826,0.8663366336633663
03827,0.8915841584158415
03828,0.9752475247524752
03829,0.800990099009901
03830,0.8633663366336634
03831,0.8252475247524752
03832,0.95
03833,0.7995049504950494
03834,0.8262376237623762
03835,0.6957920792079209
03836,0.8698019801980198
03837,0.8112211221122112
03838,0.8349009900990099
03839,0.8347241867043846
03840,0.7784158415841583
03841,0.8131188118811881
03842,0.9
03843,0.866996699669967
03844,0.8004950495049504
03845,0.7883663366336633
03846,0.8752475247524752
03847,0.8514026402640265
03848,0.8277227722772278
03849,0.8866336633663365
03850,0.821039603960396
03874,0.8208531642637947
03875,0.748281245297782
03876,0.7833164745045932
03877,0.7831616375923307
03878,0.8473338048090522
03879,0.7637556063298637
03880,0.6717290911725176
03881,0.8075308171842823
03882,0.8348547345081997
03883,0.8022958248205772
03884,0.75006516036219
03885,0.9367436743674366
03886,0.8574477447744773
03887,0.9294059405940592
03888,0.8777227722772277
03889,0.873069306930693
03890,0.9417491749174917
03891,0.9336633663366335
03892,0.9333333333333331
03893,0.8999999999999999
03894,0.8666666666666666
03895,0.8999999999999998
03896,0.9999999999999998
03897,0.9499999999999997
03898,0.8999999999999999
03899,0.8999999999999999
03900,0.9999999999999998
03901,0.9499999999999997
03902,0.9499999999999997
03903,0.9499999999999997
03904,0.9499999999999997
03905,0.9999999999999998
03906,0.9499999999999997
03907,0.9999999999999998
03908,0.9999999999999998
03909,0.9999999999999998
03910,0.9999999999999998
03911,0.9999999999999998
03912,0.9999999999999998
03913,0.9999999999999998
03914,0.9499999999999997
03915,0.9499999999999997
03916,0.9999999999999998
03917,0.9999999999999998
03918,0.9499999999999997
03919,0.9499999999999997
03920,0.9999999999999998
03921,0.9499999999999997
03922,0.9999999999999998
03923,0.9999999999999998
03924,0.9499999999999997
03925,0.9499999999999997
03926,0.9999999999999998
03927,0.9999999999999998
03928,0.9999999999999998
03929,0.9999999999999998
03930,0.8999999999999998
03931,0.8999999999999999
03932,0.911111111111111
03933,0.8666666666666666
03934,0.9666666666666665
03935,0.9499999999999997
03936,0.9499999999999997
03937,0.8999999999999999
03938,0.9999999999999998
03939,0.9499999999999997
03940,0.9499999999999997
03944,0.85
03945,0.6499999999999999
03951,0.8499999999999999
03956,0.0
03990,0.9999999999999998
03991,0.9999999999999998
03992,0.9499999999999997
03993,0.9499999999999997
03994,0.9749999999999999
03995,0.9999999999999998
03996,0.9499999999999997
03997,0.8999999999999998
03998,0.8999999999999998
03999,0.9499999999999997
04000,0.9999999999999998
04001,0.95
04002,0.9999999999999998
04003,0.9249999999999998
04004,0.9499999999999997
04005,0.8499999999999999
04006,0.8833333333333332
04007,0.9749999999999999
04029,0.7352310231023103
04030,0.5736562942008487
04031,0.5725975538730343
04032,0.6732260726072608
04033,0.6821782178217822
04034,0.7193099309930994
04035,0.8220972097209722
04036,0.8101013672795851
04037,0.6948019801980198
04038,0.8797029702970298
04039,0.7479297929792981
04040,0.7589108910891089
04041,0.9061056105610561
04042,0.8999999999999999
04043,0.8891089108910892
04044,0.8673267326732674
04045,0.9
04046,0.7084158415841584
04047,0.7571782178217823
04048,0.7364851485148515
04049,0.7100990099009901
04050,0.7145544554455445
04051,0.7030940594059407
04052,0.6514851485148514
04053,0.7951907690769077
04054,0.6974009900990099
04055,0.9128712871287128
04056,0.7896039603960396
04060,0.9331683168316831
04061,0.6929042904290429
04062,0.8455445544554454
04063,0.4163366336633663
04064,0.43316831683168316
04065,0.3844884488448845
04066,0.42524752475247524
04067,0.4371782178217821
04068,0.85
04069,0.8324257425742573
04070,0.8801980198019802
04071,0.48145214521452145
04072,0.5693069306930693
04073,0.721122112211221
04074,0.8381188118811881
04075,0.8504950495049505
04076,0.869059405940594
04077,0.8514851485148516
04078,0.8257425742574258
04079,0.8554455445544555
04080,0.8673267326732674
04081,0.810891089108911
04082,0.7884488448844884
04083,0.7597359735973598
04084,0.8257425742574258
04085,0.8071782178217821
04086,0.8504950495049505
04087,0.8504950495049505
04088,0.8628712871287127
04089,0.8445544554455445
04090,0.8693069306930692
04091,0.9
04092,0.8819306930693068
04093,0.9554455445544555
04094,0.7052805280528053
04095,0.9
04096,0.9
04097,0.8554455445544555
04098,0.8336633663366337
04099,0.8891089108910892
04100,0.9999999999999998
04101,0.8999999999999998
04102,0.8999999999999998
04103,0.9999999999999998
04104,0.9999999999999998
04109,0.9999999999999998
04110,0.9999999999999998
04112,0.7801980198019802
04113,0.816930693069307
04114,0.8321232123212321
04115,0.8091584158415841
04116,0.8693069306930692
04117,0.8831683168316831
04118,0.9270627062706271
04119,0.9405940594059405
04120,0.8811881188118811
04121,0.8970297029702969
04122,0.9356435643564357
04123,0.9207920792079207
04124,0.883993399339934
04125,0.7683168316831683
04126,0.8422442244224422
04127,0.8184818481848184
04128,0.8422442244224422
04155,0.9999999999999998
04158,0.4330253025302529
04159,0.7858999746128458
04160,0.8419141914191419
04161,0.8566831683168316
04162,0.8191419141914191
04163,0.8387018701870185
04164,0.8410561056105609
04165,0.5755775577557756
04166,0.5511551155115512
04167,0.5504950495049505
04168,0.8295379537953794
04169,0.7438943894389439
04170,0.6668316831683168
04171,0.5205445544554456
04172,0.6333333333333333
04173,0.6922029702970297
04174,0.6772277227722772
04175,0.7707920792079207
04176,0.7753712871287128
04177,0.6898927392739274
04178,0.6509900990099009
04179,0.6177392739273927
04180,0.6071782178217822
04185,0.3254125412541254
04186,0.21303630363036302
04187,0.19999999999999998
04188,0.20999999999999996
04189,0.39999999999999997
04190,0.39999999999999997
04191,0.39999999999999997
04192,0.163995756718529
04193,0.11336633663366336
04194,0.13246110325318244
04195,0.3252475247524752
04196,0.253105310531053
04197,0.20198019801980194
04198,0.3262376237623762
04199,0.23473597359735976
